Input,Output
CN(C)C=O.O=C1COc2cc(Cl)c(C=Cc3ccccc3)nc2N1>CO.CSC,O=Cc1nc2c(cc1Cl)OCC(=O)N2
CC(C)(C)OC(=O)N1CC(=O)C1.COP(=O)(Cc1ccc2nc(Cl)nc(N3CCOCC3)c2n1)OC>C1CCOC1.CC(C)[N-]C(C)C.[Li+],CC(C)(C)OC(=O)N1CC(=Cc2ccc3nc(Cl)nc(N4CCOCC4)c3n2)C1
C#CC(C)(C)O.CCCCc1ccc(Br)cc1>CCN(CC)CC.[Cu]I.c1ccc(P(c2ccccc2)c2ccccc2)cc1,CCCCc1ccc(C#CC(C)(C)O)cc1
Cc1cc(Br)c(N)c(C(=O)O)c1.Cl>CC(=O)O.O.O=N[O-].[Cl-].[Na+],Cc1cc(Br)c(Cl)c(C(=O)O)c1
CC(=O)O[BH-](OC(C)=O)OC(C)=O.CCCNc1ccc(Sc2ccc(C(=O)Nc3ccc(Br)cn3)cc2Nc2ncnc3nc(C(C)C)ccc23)cc1>C=O.CO.ClCCl.[Na+],CCCN(C)c1ccc(Sc2ccc(C(=O)Nc3ccc(Br)cn3)cc2Nc2ncnc3nc(C(C)C)ccc23)cc1
CNC(=O)c1cc(C(C)(C)C)cc(N)c1OC.Nc1ccc(Oc2ccncc2)c2ccccc12.O=C([O-])O>ClCCl.O=C(Cl)Cl.[Na+],CNC(=O)c1cc(C(C)(C)C)cc(NC(=O)Nc2ccc(Oc3ccncc3)c3ccccc23)c1OC
C#CCCN1CCCCC1.COCCNCc1cccc(Br)n1>,COCCNCc1cccc(C#CCCN2CCCCC2)n1
CC1(c2ccc(O)cc2)COc2cc(O)ccc2C1CCCCCCCCCSCCCC(F)(F)C(F)(F)F.CO>C1COCCO1.O,CC1(c2ccc(O)cc2)COc2cc(O)ccc2C1CCCCCCCCCS(=O)CCCC(F)(F)C(F)(F)F
CC(CSC(=O)c1ccccc1)C(=O)Cl.CC1(C)c2ccccc2NC1C(=O)O>CCN(CC)CC.Cl.ClCCl,CC(CSC(=O)c1ccccc1)C(=O)N1c2ccccc2C(C)(C)C1C(=O)O
C#Cc1cccc(Cl)c1.Cc1nc(I)c(C)n1-c1cnn(C)c(=O)c1>,Cc1nc(C#Cc2cccc(Cl)c2)c(C)n1-c1cnn(C)c(=O)c1
CCN(CC)CC.OCC(c1ccccc1)N1CCN(CCCc2c[nH]c3ccc(-n4cnnc4)cc23)CC1>C1CCOC1.CO.CS(=O)(=O)Cl.CS(=O)(=O)O.N,NCC(c1ccccc1)N1CCN(CCCc2c[nH]c3ccc(-n4cnnc4)cc23)CC1
CC(=O)Nc1ccc(Sc2ccc(C)cc2N)c(F)c1.CCCc1ccc2c(Cl)ccnc2n1>,CCCc1ccc2c(Nc3cc(C)ccc3Sc3ccc(NC(C)=O)cc3F)ccnc2n1
COC(=O)C(C)(C)Cc1ccc2oc(-c3nc(C(C)(C)C)cs3)cc2c1>CO.[Na+].[OH-],CC(C)(Cc1ccc2oc(-c3nc(C(C)(C)C)cs3)cc2c1)C(=O)O
CN(C)CC1Cc2ccccc2N(C(=O)CCc2ccc(Br)cc2)C1.Cc1ccc(S(=O)(=O)O)cc1.O=C([O-])[O-]>CCO.Cc1ccccc1.Cc1ccccc1.O.OBO.[Na+].[Na+].c1ccc(P(c2ccccc2)(c2ccccc2)[Pd](P(c2ccccc2)(c2ccccc2)c2ccccc2)(P(c2ccccc2)(c2ccccc2)c2ccccc2)P(c2ccccc2)(c2ccccc2)c2ccccc2)cc1,Cc1ccc(CCC(=O)N2CC(CN(C)C)Cc3ccccc32)cc1
CCCS(=O)(=O)Nc1ccc(F)c(C(=O)Nc2cnc3[nH]cc(C(=O)CCl)c3c2)c1F.FC1CCCNC1>CCN(C(C)C)C(C)C.CCO,CCCS(=O)(=O)Nc1ccc(F)c(C(=O)Nc2cnc3[nH]cc(C(=O)CN4CCCC(F)C4)c3c2)c1F
C=C(CN)CNc1cc(=O)c2ccccc2[nH]1.O=Cc1ccc(Cl)c(Cl)c1>CC(=O)[O-].Cl.Cl.[BH3-]C#N.[Na+].[Na+],C=C(CNCc1ccc(Cl)c(Cl)c1)CNc1cc(=O)c2ccccc2[nH]1
CCOC(=O)c1cc2ccc(OC3CCN(C(=O)OC(C)(C)C)CC3)cc2s1>C1COCCO1.CCCCCCC.Cl,CCOC(=O)c1cc2ccc(OC3CCNCC3)cc2s1
CC(C)CN(C(=O)c1nc2ccccc2[nH]1)C1CC(C(=O)N2CCOCC2)CN(C(=O)OC(C)(C)C)C1.CCOC(=O)CCBr>CC(=O)N(C)C.O.O=C([O-])[O-].[Cs+].[Cs+],CCOC(=O)CCn1c(C(=O)N(CC(C)C)C2CC(C(=O)N3CCOCC3)CN(C(=O)OC(C)(C)C)C2)nc2ccccc21
CC(C)Oc1ccc2nc(N)sc2n1.O=C(O)C(OC1CCOCC1)c1ccc(S(=O)(=O)C2CC2)cc1>CCN=C=NCCCN(C)C.CN(C)C=O.CN1CCOCC1.On1nnc2ccccc21,CC(C)Oc1ccc2nc(NC(=O)C(OC3CCOCC3)c3ccc(S(=O)(=O)C4CC4)cc3)sc2n1
NCCS.O=C1CCC(=O)O1>CCO.Cl.OCCN(CCO)CCO,O=C(O)CCC(=O)NCCS
COC(=O)c1c(C(F)F)nc(C(F)(F)F)c(C(Br)C(OC)OC)c1CC1CC1>Br.CO.COC=Cc1c(C(F)(F)F)nc(C(F)F)c(C(=O)OC)c1CC1CC1.O=C([O-])[O-].[K+].[K+],COC=C(Br)c1c(C(F)(F)F)nc(C(F)F)c(C(=O)OC)c1CC1CC1
C=CC(=O)OCC.CC1(C)CC(=C(c2ccc(Br)cc2)c2ccc(O)c(F)c2)CC(C)(C)O1>CCN(CC)CC.CCOC(C)=O.CN(C)C=O.Cl[Pd]Cl.O.c1ccc(P(c2ccccc2)c2ccccc2)cc1.c1ccc(P(c2ccccc2)c2ccccc2)cc1,CCOC(=O)C=Cc1ccc(C(=C2CC(C)(C)OC(C)(C)C2)c2ccc(O)c(F)c2)cc1
Cn1ccnc1-c1cc2nccc(Oc3ccc(NC(=O)CC(=O)Nc4ccccc4)cc3F)c2s1.Cn1cncc1-c1cc2nccc(Oc3ccc(N)cc3F)c2s1>,Cn1cncc1-c1cc2nccc(Oc3ccc(NC(=O)CC(=O)Nc4ccccc4)cc3F)c2s1
N#Cc1cc(N)n(-c2cc3c(cc2Cl)C(F)(F)OC3(F)F)n1.O=S([O-])C(F)(F)F>CNC.Cc1ccc(S(=O)(=O)O)cc1.Cc1ccccc1.O.O=S(Cl)Cl.[Na+],N#Cc1nn(-c2cc3c(cc2Cl)C(F)(F)OC3(F)F)c(N)c1S(=O)C(F)(F)F
O=C(O)c1cc(Cl)cc(Cl)c1.O=S(Cl)Cl>ClCCl,O=C(Cl)c1cc(Cl)cc(Cl)c1
CCN1c2ncc(CCOc3ccnc4ccccc34)cc2C(=O)Nc2c(C)ccnc21.O=C(OO)c1cccc(Cl)c1>ClCCl,CCN1c2ncc(CCOc3cc[n+]([O-])c4ccccc34)cc2C(=O)Nc2c(C)ccnc21
COC(=O)NCc1cc(C(C)=NO)ccc1Cl.Fc1ccc(CBr)cc1>CCOC(C)=O.CN(C)C=O.O.[H-].[Na+],COC(=O)NCc1cc(C(C)=NOCc2ccc(F)cc2)ccc1Cl
CC(C)(C)C(=O)Cl.COC(=O)c1cccc(N)c1N>c1ccncc1,COC(=O)c1cccc(NC(=O)C(C)(C)C)c1N
CNC1CCC(Cc2ccccc2)(N(C)C)CC1.O=C(Cl)c1ccccc1>CCN(CC)CC.CN(C)c1ccncc1.ClCCl.O.[K+].[OH-],CN(C(=O)c1ccccc1)C1CCC(Cc2ccccc2)(N(C)C)CC1.Cl
CCC(=O)CC(=O)CC.O=Cc1c(F)cccc1F>C1CCNCC1.CC(=O)O.Cc1ccccc1,CCC(=O)C(=Cc1c(F)cccc1F)C(=O)CC
N#Cc1cccc(F)c1.Oc1cccc(F)c1>CC(C)(C)[O-].CCOC(C)=O.CS(C)=O.O.[K+],N#Cc1cccc(Oc2cccc(F)c2)c1
Cc1c(F)cc(C(=O)NC2CC2)cc1-c1cc2onc(-c3ccncc3)c2cc1F.O=C(OO)c1cccc(Cl)c1>ClC(Cl)Cl,Cc1c(F)cc(C(=O)NC2CC2)cc1-c1cc2onc(-c3cc[n+]([O-])cc3)c2cc1F
COC(=O)c1cc(I)c(OC)c(C(C)(C)C)c1.N#C[Cu]C#N>CN(C)C=O.O=C([O-])[O-].[K+].[K+],COC(=O)c1cc(C#N)c(OC)c(C(C)(C)C)c1
BrC=C1c2ccccc2Oc2ccccc21.CC1(C)OB(c2cccc(NS(C)(=O)=O)c2)OC1(C)C>C1COCCO1.O=C([O-])[O-].[Na+].[Na+].c1ccc(P(c2ccccc2)(c2ccccc2)[Pd](P(c2ccccc2)(c2ccccc2)c2ccccc2)(P(c2ccccc2)(c2ccccc2)c2ccccc2)P(c2ccccc2)(c2ccccc2)c2ccccc2)cc1,CS(=O)(=O)Nc1cccc(C=C2c3ccccc3Oc3ccccc32)c1
CCOC(=O)C(Br)C(Br)C(=O)c1ccc(OC)c(OC)c1>ClCCl,CCOC(=O)C#CC(=O)c1ccc(OC)c(OC)c1
CC(Oc1cc(-n2cnc3cnc(COS(C)(=O)=O)cc32)sc1C(N)=O)c1ccccc1C(F)(F)F.CN1CCNCC1>ClCCl,CC(Oc1cc(-n2cnc3cnc(CN4CCN(C)CC4)cc32)sc1C(N)=O)c1ccccc1C(F)(F)F
CC=CC(CO)CO.O=CC1CCC(c2ccc(F)c(F)c2)CC1>Cc1ccccc1.O=S(=O)(O)O,CC=CC1COC(C2CCC(c3ccc(F)c(F)c3)CC2)OC1
CC1(C)C(=O)N(Br)C(=O)N1Br.FC(F)(F)c1cccc(C(F)(F)F)c1>CC(=O)O,FC(F)(F)c1cc(Br)cc(C(F)(F)F)c1
Cc1nc(C(=O)N2C(CN)CC3CC32)c(-c2cccc(F)c2)s1.Cn1cc(C(=O)O)c2ccccc21>,Cc1nc(C(=O)N2C(CNC(=O)c3cn(C)c4ccccc34)CC3CC32)c(-c2cccc(F)c2)s1
CCOC(=O)c1ccc(NC(=O)c2ccc3c(c2)C(c2ccc(C)cc2)=CCC3(C)C)cc1F>C1CCOC1.CCO.[Na+].[OH-],Cc1ccc(C2=CCC(C)(C)c3ccc(C(=O)Nc4ccc(C(=O)O)c(F)c4)cc32)cc1
C1CNC1.CCOC(=O)c1cn(Cc2ccc(OC)cc2OC)c2nc(Cl)c(F)c(C)c2c1=O>ClCCl.O=C([O-])[O-].[K+].[K+],CCOC(=O)c1cn(Cc2ccc(OC)cc2OC)c2nc(N3CCC3)c(F)c(C)c2c1=O
CC(=O)OC(C)=O.Nc1nc(Cl)c2[nH]cnc2n1>CCN(CC)CC.Cc1ccccc1,CC(=O)n1cnc2c(Cl)nc(N)nc21
CC(=O)Nc1ccc(C(=O)C(C)=NO)cc1.NNC(N)=S>CC(=O)O.CO.O,CC(=O)Nc1ccc(C(=NNC(N)=S)C(C)=NO)cc1
CNC(=O)c1c(-c2ccc(F)cc2)oc2ccc(-c3cc(C(=O)O)c(OC)cc3C)cc12.NC1(c2cncnc2)CC1>CCN=C=NCCCN(C)C.Cl.ClCCl.O.On1nnc2ccccc21,CNC(=O)c1c(-c2ccc(F)cc2)oc2ccc(-c3cc(C(=O)NC4(c5cncnc5)CC4)c(OC)cc3C)cc12
CC(=O)N1CCC(c2csc(Nc3ncc(Br)cc3Oc3ccccc3)n2)CC1.COC(=O)CCS>C1COCCO1.CC1(C)c2cccc(P(c3ccccc3)c3ccccc3)c2Oc2c(P(c3ccccc3)c3ccccc3)cccc21.CCN(C(C)C)C(C)C.O=C(C=Cc1ccccc1)C=Cc1ccccc1.O=C(C=Cc1ccccc1)C=Cc1ccccc1.O=C(C=Cc1ccccc1)C=Cc1ccccc1.[Pd].[Pd],COC(=O)CCSc1cnc(Nc2nc(C3CCN(C(C)=O)CC3)cs2)c(Oc2ccccc2)c1
CC(C)(C)OC(=O)NC1CCC(C(=O)NC2CC2)CC1.Cl>C1COCCO1,NC1CCC(C(=O)NC2CC2)CC1
CC(C)OC(=O)CO.O=C(OCCCl)C(O)Cc1ccccc1>CC(C)(C)c1ccccc1.CCOCC,CC(C)OC(=O)COC(=O)C(O)Cc1ccccc1
CCOC(=O)c1cnc2cc(OC)ccc2c1>CCO.Cl.[Na+].[OH-],COc1ccc2cc(C(=O)O)cnc2c1
CC(C)(C)C(=O)Cl.Nc1ccc(Cl)cc1>Cl.c1ccncc1,CC(C)(C)C(=O)Nc1ccc(Cl)cc1
BrCc1ccccc1.CCOC(=O)CCCCCS(=O)(=O)Nc1ccccc1>COCCOC.O.[H-].[Na+],CCOC(=O)CCCCCS(=O)(=O)N(Cc1ccccc1)c1ccccc1
Fc1ccc(CBr)cc1.O=C1CCC(=O)N1>CC(C)=O.O=C([O-])[O-].[K+].[K+],O=C1CCC(=O)N1Cc1ccc(F)cc1
Nc1c(Cl)cc(CC(O)C(=O)O)cc1C(F)(F)F.O=C1Nc2ccccc2CCN1C1CCN(C(=O)n2ccnc2)CC1>C1CCOC1.CC(C)(C)[O-].CC(C)=O.CCC(C)(C)O.Cl.O.[K+],Nc1c(Cl)cc(CC(OC(=O)N2CCC(N3CCc4ccccc4NC3=O)CC2)C(=O)O)cc1C(F)(F)F
CCc1c(C2CCN(C(=O)OC(C)(C)C)CC2)c2ccc(F)cc2n1-c1ccccc1>ClCCl.O=C(O)C(F)(F)F,CCc1c(C2CCNCC2)c2ccc(F)cc2n1-c1ccccc1
CC(C)C1OCC(C)(COCc2ccccc2)CO1>CO.[Na+].[OH-],CC(CO)(CO)COCc1ccccc1
CCCN.O=C(O)CCC(=O)C(=O)O>,CCCNC(=O)C(=O)CCC(=O)O
C#CCN1CCOCC1.CCOC(=O)COc1ccc(Sc2cc(Br)cc(Oc3ccc(C(F)(F)F)cn3)c2)cc1C>CCOC(=O)COc1ccc(Sc2cc(C#Cc3ccc(CO)cc3)cc(OCCc3ccc(Cl)cc3)c2)cc1C,CCOC(=O)COc1ccc(Sc2cc(C#CCN3CCOCC3)cc(Oc3ccc(C(F)(F)F)cn3)c2)cc1C
O=C1CCC2C(S(=O)(=O)c3ccccc3)CC1(c1ccc(F)cc1)N2Cc1ccccc1>CCOCC.CO.[BH4-].[Na+],O=S(=O)(c1ccccc1)C1CC2(c3ccc(F)cc3)C(O)CCC1N2Cc1ccccc1
CC(C(=O)O)(c1ccc(N2CCOCC2)cc1)c1ccc(N2CCOCC2)cc1>Cc1ccccc1.O=[Pb]=O,C=C(c1ccc(N2CCOCC2)cc1)c1ccc(N2CCOCC2)cc1
CC(C)n1cc(C(=O)O)c2ccc(F)cc21.Nc1nccs1>ClCCl.O=C1CCC(=O)N1Br.c1ccc(P(c2ccccc2)c2ccccc2)cc1,CC(C)n1cc(C(=O)Nc2nccs2)c2ccc(F)cc21
Nc1ccc(Cl)cn1.O=C(O)c1ccc(Cl)cc1[N+](=O)[O-]>CN(C)C=O.ClCCl.O=C(Cl)C(=O)Cl.c1ccncc1,O=C(Nc1ccc(Cl)cn1)c1ccc(Cl)cc1[N+](=O)[O-]
CC(C)[Si](OCc1cc(C2OC(COCc3ccccc3)C(OCc3ccccc3)C(OCc3ccccc3)C2OCc2ccccc2)ccc1Cl)(C(C)C)C(C)C>C1CCOC1.CCCC[N+](CCCC)(CCCC)CCCC.[F-],OCc1cc(C2OC(COCc3ccccc3)C(OCc3ccccc3)C(OCc3ccccc3)C2OCc2ccccc2)ccc1Cl
CC1CCCNC1.O=Cc1cccc(Br)n1>,CC1CCCN(Cc2cccc(Br)n2)C1
CC(C)(C)OC(=O)NC(CC(=O)N1CCn2c(C(F)(F)F)nc(C(=O)O)c2C1)Cc1cc(F)c(F)cc1F.Cl>CCO,NC(CC(=O)N1CCn2c(C(F)(F)F)nc(C(=O)O)c2C1)Cc1cc(F)c(F)cc1F
CSc1nccc(C(O)c2cccc(C#N)c2)n1.ClC(Cl)(Cl)Cl>,CSc1nccc(C(Cl)c2cccc(C#N)c2)n1
FC1(F)CC12CCNc1ccccc12.O=C(Cl)Cl.c1n[nH]cc1C1CCNC1>CCN(CC)CC.Cc1ccccc1.Cl.Cl.ClCCl.c1ccncc1,O=C(N1CCC(c2cn[nH]c2)C1)N1CCC2(CC2(F)F)c2ccccc21
CC1(C)CC(CCS(=O)(=O)[O-])CO1.NCCN>CC#N.O.O=C([O-])[O-].[K+].[K+],CC1(C)CC(CNCCN)CO1
CC1(C)OCC(C2CC(=O)N2[Si](C)(C)C(C)(C)C)O1.CC=O>C1CCOC1.CC(C)NC(C)C.CCCCCC.[Li]CCCC,CC(O)C1C(=O)N([Si](C)(C)C(C)(C)C)C1C1COC(C)(C)O1
COC(=O)CCCCCCCCCCBr.[N-]=[N+]=[N-]>CS(C)=O.O.[Na+],COC(=O)CCCCCCCCCCN=[N+]=[N-]
COc1cc2c(cc1OC)CC(=O)N(CCCNCCCNc1ccccc1)CC2.[BH3-]C#N>[Na+],COc1cc2c(cc1OC)CC(=O)N(CCCN(C)CCCNc1ccccc1)CC2
Brc1cccnc1.O=C(c1ccccc1)c1ccccc1>C1CCOC1.[Li]CCCC,OC(c1ccccc1)(c1ccccc1)c1cccnc1
CCOC(=O)c1cccc(F)c1CBr.Oc1cccc(F)c1>CCO.O.[Na],CCOC(=O)c1cccc(F)c1COc1cccc(F)c1
CCOc1cccc(OCC)c1C[P+](c1ccccc1)(c1ccccc1)c1ccccc1.O=Cc1cccc(CCCN2C(=O)c3ccccc3C2=O)c1>C1CCOC1.CC(C)(C)[O-].[Br-].[K+],CCOc1cccc(OCC)c1C=Cc1cccc(CCCN2C(=O)c3ccccc3C2=O)c1
CC(=O)OC1CSC(Oc2cccnc2[N+](=O)[O-])C(OC(C)=O)C1OC(C)=O>C1CCOC1,CC(=O)OC1CSC(Oc2cccnc2N)C(OC(C)=O)C1OC(C)=O
CC(C)C(O)(c1ccc(B(O)O)cc1)c1cn(C(c2ccccc2)(c2ccccc2)c2ccccc2)cn1.CNC(=O)c1cccc(Br)c1>c1ccc(P(c2ccccc2)(c2ccccc2)[Pd](P(c2ccccc2)(c2ccccc2)c2ccccc2)(P(c2ccccc2)(c2ccccc2)c2ccccc2)P(c2ccccc2)(c2ccccc2)c2ccccc2)cc1,CNC(=O)c1cccc(-c2ccc(C(O)(c3cn(C(c4ccccc4)(c4ccccc4)c4ccccc4)cn3)C(C)C)cc2)c1
CS(=O)(=O)c1cc(Br)ccc1-c1ccccc1.OB(O)c1ccc(Cl)cc1>CS(=O)(=O)c1cc(Br)ccc1I,CS(=O)(=O)c1cc(Br)ccc1-c1ccc(Cl)cc1
C=CCBr.CCOC(=O)C1(CC)CCCN(CC2COc3ccccc3O2)C1>,C=CCC1(C(=O)OCC)CCCN(CC2COc3ccccc3O2)C1
CC(C)S(=O)(=O)Cl.Nc1ccc(C(=O)c2ccccc2)cc1N>CC#N.CCOC(C)=O.[Na+].[OH-].c1ccncc1,CC(C)S(=O)(=O)Nc1cc(C(=O)c2ccccc2)ccc1N
Nc1ccc(C(=O)O)cc1.O=C(Cl)c1ccc([N+](=O)[O-])cc1>,O=C(O)c1ccc(NC(=O)c2ccc([N+](=O)[O-])cc2)cc1
COC(=O)CCCCCCNCc1ccc(-c2nccs2)cc1.O=S(=O)(Cl)c1cccnc1>Cl,COC(=O)CCCCCCN(Cc1ccc(-c2nccs2)cc1)S(=O)(=O)c1cccnc1
CCOc1ccc2c(c1)C(=O)Cc1c(Cl)cccc1S2>CO.ClC(Cl)Cl.O,CCOc1ccc2c(c1)C(O)Cc1c(Cl)cccc1S2
Cc1cn2cccc(OCc3c(Cl)cccc3Cl)c2n1.O=C1CCC(=O)N1Cl>CCO.O,Cc1nc2c(OCc3c(Cl)cccc3Cl)cccn2c1Cl
COC(=O)c1ccc(OC)cc1OC>CCO.Cl.ClC(Cl)Cl.O.[Na+].[OH-],COc1ccc(C(=O)O)c(OC)c1
CI.Nc1cc2nc[nH]c(=S)c2cn1>CS(C)=O,CSc1ncnc2cc(N)ncc12
COc1ccccc1COCCCOc1ccc(C2CCN(C(=O)OC(C)(C)C)CC2OCc2ccc3c(c2)N(CCO)CCC3)cc1>CO.Cl,COc1ccccc1COCCCOc1ccc(C2CCNCC2OCc2ccc3c(c2)N(CCO)CCC3)cc1
COc1nccc(N)n1.N#Cc1cnc(Cl)s1>C1CCOC1.[H-].[Na+],COc1nccc(Nc2ncc(C#N)s2)n1
CCCc1cnc(N2CCC(Oc3ccn(-c4ccc(SC)cc4)c(=O)c3)CC2)nc1.O=C(OO)c1cccc(Cl)c1>ClCCl,CCCc1cnc(N2CCC(Oc3ccn(-c4ccc(S(C)=O)cc4)c(=O)c3)CC2)nc1
C1CNCCN1.CCN(CC)c1nc(Cl)cc(Cl)n1>CCO,CCN(CC)c1nc(Cl)cc(N2CCNCC2)n1
CC(C(=O)O)c1ccc(C(=O)c2cccs2)cc1.CN(C)P(=O)(N(C)C)N(C)C>CI.O.[Na],COC(=O)C(C)c1ccc(C(=O)c2cccs2)cc1
COC(=O)c1cc(-c2ccccc2)c(=O)n2c1-c1sccc1SC(Cl)C2>C1CN=C2CCCN2C1.CS(C)=O,COC(=O)c1cc(-c2ccccc2)c(=O)n2c1-c1sccc1SC=C2
CC(C)(C)OC(=O)N1CCC2(CC1)CC(OS(C)(=O)=O)C2.Oc1ccccc1F>CN(C)C=O.O.[H-].[Na+],CC(C)(C)OC(=O)N1CCC2(CC1)CC(Oc1ccccc1F)C2
CC(=O)CCc1cccc(Cl)c1.Cc1noc(-c2ccc(Br)cc2)c1N>,Cc1noc(-c2ccc(Br)cc2)c1NC(C)CCc1cccc(Cl)c1
COC(=O)c1c(S(=O)(=O)Cl)n[nH]c1NC(C)=O.Nc1c(F)cccc1F>c1ccncc1,COC(=O)c1c(S(=O)(=O)Nc2c(F)cccc2F)n[nH]c1NC(C)=O
CC1=CCCc2ccccc21>C1CCOC1.[H][H].[Li]CCCC.[SiH3]c1ccccc1,CC1CCCc2ccccc21
CCOC(=O)C(Sc1ccc(OC)cc1)C(C)C>CO.[Na+].[OH-],COc1ccc(SC(C(=O)O)C(C)C)cc1
N#Cc1ccc(N2CC=C(N3CCCC3)CC2)cc1>CCCC[N+](CCCC)(CCCC)CCCC.Cl.ClCCl.O=C([O-])[O-].[BH3-]C#N.[Na+].[Na+],N#Cc1ccc(N2CCC(N3CCCC3)CC2)cc1
CCOC(=O)N1C2CCC1CC(=O)C2>CO,CCOC(=O)N1C2CCC1CC(O)C2
CS(C)(=N)=O.O=C(Cl)c1cc(Oc2ccc(C(F)(F)F)cc2Cl)ccc1[N+](=O)[O-]>COCCOC.[K],CS(C)(=O)=NC(=O)c1cc(Oc2ccc(C(F)(F)F)cc2Cl)ccc1[N+](=O)[O-]
C=CC(=O)Cl.CCCCC(CO)(Cn1cncn1)c1ccc(Cl)cc1>C1CCOC1.CN(C)C=O.c1ccncc1,C=CC(=O)OCC(CCCC)(Cn1cncn1)c1ccc(Cl)cc1
CC(C)(C)OC(=O)N1CCNCC1.O=S(=O)(O)CCCCl>CCN(CC)CC.ClCCl.[Cl-],CC(C)(C)OC(=O)N1CCN(S(=O)(=O)CCCCl)CC1
CCCc1c(Cc2ccc(-c3ccccc3C#N)cc2)c(=O)n(C2CCC(=O)CC2)c2ncnn12.OC1CCCC1O>Cc1ccc(S(=O)(=O)O)cc1.Cc1ccccc1.O,CCCc1c(Cc2ccc(-c3ccccc3C#N)cc2)c(=O)n(C2CCC3(CC2)OC2CCCC2O3)c2ncnn12
CC(=O)N1N=C(c2ccc([N+](=O)[O-])cc2)c2cc(Cl)c(Cl)cc2CC1C.CN=C=O>,CNC(=O)N1N=C(c2ccc([N+](=O)[O-])cc2)c2cc(Cl)c(Cl)cc2CC1C
CS(N)(=O)=O.Cc1nc2c(C(=O)O)cc(N3CCOCC3)cc2n1Cc1cccc2ccccc12>CN(C)C=O.CN(C)c1ccncc1.ClCCCl,Cc1nc2c(C(=O)NS(C)(=O)=O)cc(N3CCOCC3)cc2n1Cc1cccc2ccccc12
COc1ccc(C#N)cc1S(=O)(=O)NCCc1ccc(Br)cc1[N+](=O)[O-]>C1CCOC1.CC(=O)O.Cl.N.[Zn],COc1ccc(C#N)cc1S(=O)(=O)NCCc1ccc(Br)cc1N
CC(C)(C)OC(=O)C=CCON=C(C(=O)O)c1csc(NC=O)n1>CCCCCC.CCO.CCOC(C)=O.O,CC(C)(C)OC(=O)CCCON=C(C(=O)O)c1csc(NC=O)n1
Fc1ccc(Br)cn1.OC1CCNC1>C1CCOC1.CCN(CC)CC.CCOC(C)=O,OC1CCN(c2ccc(Br)cn2)C1
ClCc1ccc(Cl)cc1Cl.Nc1ccc(C(=O)O)c(Cl)c1.O>CCN(C(C)C)C(C)C.ClCCl,O=C(O)c1ccc(NC(=O)c2ccc(Cl)cc2Cl)cc1Cl
CC(C)(C)OC(=O)Nc1cc(C(F)(F)F)c(Cl)cc1NC(=O)CC(=O)c1cccc(-c2cncnc2)c1>ClCCl.O=C(O)C(F)(F)F,O=C1CC(c2cccc(-c3cncnc3)c2)=Nc2cc(C(F)(F)F)c(Cl)cc2N1
Cc1cccc(C(=O)O)c1.O=C1CCC(=O)N1Br>ClC(Cl)Cl,O=C(O)c1cccc(CBr)c1
FC(F)(F)c1ccccc1NC1CCNCC1.O=C(NCCCC1CC1)c1ccc(Cl)nn1>,Cl.O=C(NCCCC1CC1)c1ccc(N2CCC(Nc3ccccc3C(F)(F)F)CC2)nn1
CCCCc1ncc(CCC(=O)OCC)n1Cc1ccccc1Cl>CCO.Cl.O.[Na+].[OH-],CCCCc1ncc(CCC(=O)O)n1Cc1ccccc1Cl
CC(C)(C)OC(=O)NN.CSCCC(NC(=O)OC(C)(C)C)C(=O)O>CC#N,CSCCC(NC(=O)OC(C)(C)C)C(=O)NNC(=O)OC(C)(C)C
CCOC(=O)c1ccc(NCCCCCCCCCCc2ccccc2)cc1>CCO.Cl.O.O.[K+].[OH-],O=C(O)c1ccc(NCCCCCCCCCCc2ccccc2)cc1
CC(C#N)c1ccc(O)c(N)c1.O=C(Cl)Cc1ccccc1>c1ccncc1,CC(C#N)c1ccc(O)c(NC(=O)Cc2ccccc2)c1
COc1ccc(-c2sc(C3OCCO3)c(-c3cccc(OC)c3)c2C)cc1>CC(C)=O.Cc1ccc(S(=O)(=O)[O-])cc1.c1cc[nH+]cc1,COc1ccc(-c2sc(C=O)c(-c3cccc(OC)c3)c2C)cc1
NC(=O)c1c(I)c(N)c(I)c(C(=O)O)c1I.O=S(Cl)Cl>CCOC(C)=O.CN(C)C(=O)N(C)C.O,NC(=O)c1c(I)c(N)c(I)c(C(=O)Cl)c1I
CC(C)(C)OC(=O)N1CCC(N)CC1.Cc1cc(Cl)nc2ccccc12>CC(=O)[O-].CC(=O)[O-].COCCOC.[Pd+2],Cc1cc(NC2CCN(C(=O)OC(C)(C)C)CC2)nc2ccccc12
CNOC.O=C(O)c1ccc2cc[nH]c2c1>C1CCOC1.CCN=C=NCCCN(C)C.Cl.c1ccncc1,CON(C)C(=O)c1ccc2cc[nH]c2c1
COC(=O)Cc1ccc(OCC(C)=O)cc1.NCC(O)c1cc(Cl)cc(Cl)c1>CO.[BH3-]C#N.[Na+].c1ccccc1,COC(=O)Cc1ccc(OCC(C)NCC(O)c2cc(Cl)cc(Cl)c2)cc1
COc1cccc2c1nc(C(F)F)n2-c1nc(N2CCOCC2)nc(N2CCC(NS(C)(=O)=O)CC2)n1.O=C([O-])[O-]>CI.CN(C)C=O.[K+].[K+],COc1cccc2c1nc(C(F)F)n2-c1nc(N2CCOCC2)nc(N2CCC(N(C)S(C)(=O)=O)CC2)n1
O=C(O)c1c(-c2cccc(F)c2)ccnc1Cl>C1CCOC1.O=S(Cl)Cl,OCc1c(-c2cccc(F)c2)ccnc1Cl
CCI.COC(=O)c1ccc(O)cc1OC>CN(C)C=O.O.O=C([O-])[O-].[K+].[K+],CCOc1ccc(C(=O)OC)c(OC)c1
CCC(=O)C1=C(O)CC(c2ccc(NC=O)cc2)CC1=O.CCON>CCO.ClC(Cl)Cl,CCON=C(CC)C1=C(O)CC(c2ccc(NC=O)cc2)CC1=O
C1COCCN1.CS(=O)(=O)OCCCc1[nH]cc(-c2ccc(F)cc2)c1-c1ccncc1>ClCCl,Fc1ccc(-c2c[nH]c(CCCN3CCOCC3)c2-c2ccncc2)cc1
CN1C(=O)Cc2cnc(N3CCNCC3)nc21.O=C(Cl)c1ccccc1>CCN(CC)CC.ClCCl,CN1C(=O)Cc2cnc(N3CCNCC3C(=O)c3ccccc3)nc21
C=CCBr.OCC1CCCCCCCCCCC1>CN(C)C=O.[H-].[Na+],CC=COCC1CCCCCCCCCCC1
CCOC(=O)C(C)(C)N1COC(C)=CC1=O.O=C1CCC(=O)N1I>CC(=O)O,CCOC(=O)C(C)(C)N1COC(C)=C(I)C1=O
CC1=C(C(N)=O)C(c2ccc(C#N)cc2)n2nnnc2N1c1cccc(C(F)(F)F)c1>C1CCOC1.CC[N+](CC)(CC)S(=O)(=O)NC(=O)OC.[OH-],CC1=C(C#N)C(c2ccc(C#N)cc2)n2nnnc2N1c1cccc(C(F)(F)F)c1
CCCCOC(=O)N(Cc1ccc(OC)cc1)S(=O)(=O)NCC(=O)OCC>CO.Cl,CCOC(=O)CNS(=O)(=O)NCc1ccc(OC)cc1
Cc1cc(C2(CN)CCN(C(=O)OC(C)(C)C)CC2)no1.Cc1ccnc(Nc2ncc(Sc3ccnc(C(=O)O)c3F)s2)c1>,Cc1ccnc(Nc2ncc(Sc3ccnc(C(=O)NCC4(c5cc(C)on5)CCN(C(=O)OC(C)(C)C)CC4)c3F)s2)c1
COc1ccc(CC(CCl)NC(C)=O)cc1.C[S-]>CN1CCCC1=O.[Na+],COc1ccc(CC(CSC)NC(C)=O)cc1
O=C(Cl)N1CCCCC1.O=C(c1c[nH]c2cc(Cl)ccc12)N1CCC2(CC1)OCc1ccccc12>,O=C(c1cn(C(=O)N2CCCCC2)c2cc(Cl)ccc12)N1CCC2(CC1)OCc1ccccc12
COC(=O)C1CCC(OCC2CC(F)(F)CN2C(=O)Cc2cc(Cl)c(NC(=O)c3cn(C)c4ccccc34)cc2F)CC1>C1CCOC1.[Na+].[OH-],Cn1cc(C(=O)Nc2cc(F)c(CC(=O)N3CC(F)(F)CC3COC3CCC(C(=O)O)CC3)cc2Cl)c2ccccc21
C=C(C(=O)O)C(O)c1ccccc1.CCOC(=O)CN>C(=NC1CCCCC1)=NC1CCCCC1.CCN(CC)CC.Cl.ClCCl,C=C(C(=O)NCC(=O)OCC)C(O)c1ccccc1
O=Cc1cccc2ccccc12.SCCS>,c1ccc2c(C3SCCS3)cccc2c1
CCOC(=O)Cc1ccc(CC)c(OC)c1>ClCCl,CCOC(=O)Cc1ccc(CC)c(O)c1
COc1ccc(Nc2c(C#N)cnc3c(OC)cc([N+](=O)[O-])cc23)cc1O>[Fe],COc1ccc(Nc2c(C#N)cnc3c(OC)cc(N)cc23)cc1O
COc1cc(CCNC(=O)C(=COC(F)F)c2ccc3c(c2)CCCC3)ccc1OCc1ccccc1>Br.CC(=O)O.O,COc1cc(CCNC(=O)C(=COC(F)F)c2ccc3c(c2)CCCC3)ccc1O
COC(=O)c1ccc(-c2cc(Cl)c(CN3CCC(N4CCCCC4)C3=O)c(Cl)c2)cc1>CCOC(C)=O.CO.Cl.[Na+].[OH-],O=C(O)c1ccc(-c2cc(Cl)c(CN3CCC(N4CCCCC4)C3=O)c(Cl)c2)cc1
CC(=O)OCCC(=O)c1ccc(F)cc1.SCCS>ClCCl,CC(=O)OCCC1(c2ccc(F)cc2)SCCS1
Cc1cc2cc(C=O)ncc2o1.O=P([O-])(O)O>C1CCOC1.CC(C)(C)O.CC=C(C)C.O.[K+].[Na+].[O-][Cl+][O-],Cc1cc2cc(C(=O)O)ncc2o1
CC(C)(CCOc1ccc(Cl)cc1Cl)C(=O)O.NC1C2CC3CC1CC(O)(C3)C2>CCN(C(C)C)C(C)C.CCN=C=NCCCN(C)C.CN(C)C=O.On1nnc2ccccc21,CC(C)(CCOc1ccc(Cl)cc1Cl)C(=O)NC1C2CC3CC1CC(O)(C3)C2
CCCCCCI.O=Cc1ccc(O)cc1>CC#N.O.O=C([O-])[O-].[K+].[K+],CCCCCCOc1ccc(C=O)cc1
Cc1ccc(S(=O)(=O)Cl)cc1.O=C(Nc1cnc2[nH]cc(Br)c2c1)OCc1ccccc1>C1CCOC1.[H-].[Na+],Cc1ccc(S(=O)(=O)n2cc(Br)c3cc(NC(=O)OCc4ccccc4)cnc32)cc1
BrCC1CCCC1.N#Cc1ccc(Cn2c(-c3ccc(Cl)cc3O)nc3cc(F)c(F)cc32)c(F)c1>,N#Cc1ccc(Cn2c(-c3ccc(Cl)cc3OCC3CCCC3)nc3cc(F)c(F)cc32)c(F)c1
CCOC(=O)CN(c1cccc2cc(C3=NCC(CN4CCOCC4)S3)[nH]c12)S(=O)(=O)c1cccs1>C1CCOC1.CO.Cl.O.[K+].[OH-],O=C(O)CN(c1cccc2cc(C3=NCC(CN4CCOCC4)S3)[nH]c12)S(=O)(=O)c1cccs1
Cc1cn(COCC[Si](C)(C)C)c2ncc(N)nc12.O=C=NC1CCCCC1>ClCCCl,Cc1cn(COCC[Si](C)(C)C)c2ncc(NC(=O)NC3CCCCC3)nc12
CCOC(=O)c1c(Nc2ccc(F)cc2N)sc2ccccc12.CN1CCNCC1>COc1ccccc1.[Cl-].[Cl-].[Cl-].[Cl-].[Ti+4],CN1CCN(C2=Nc3cc(F)ccc3Nc3sc4ccccc4c32)CC1
CCCn1c(=O)nc(SC)c2[nH]cnc21.ClCOCc1ccccc1>O.[H-].[Na+],CCCn1c(=O)nc(SC)c2c1ncn2COCc1ccccc1
CC(=O)OC(C)=O.COC(=O)Cc1ccc(C(F)(F)F)cc1[N+](=O)[O-]>Cc1ccccc1,COC(=O)Cc1ccc(C(F)(F)F)cc1NC(C)=O
COC(C)OC(C)OC(C)n1c(=O)sc2c3ccccc3ccc21.COc1ccc(P2(=S)SP(=S)(c3ccc(OC)cc3)S2)cc1>Cc1ccccc1,COC(C)OC(C)OC(C)n1c(=S)sc2c3ccccc3ccc21
CN(C)CC(=O)O.COc1cc(OCC2CCCN2)c2c(Nc3ccc(F)c(Cl)c3)ncnc2c1>,COc1cc(OCC2CCCN2C(=O)CN(C)C)c2c(Nc3ccc(F)c(Cl)c3)ncnc2c1
CC(C)(C)OC(=O)c1ccc(NCc2cc(Br)ccc2OCc2ccccc2)cc1.COC(=O)c1ccc(CBr)cc1>CN(C)C=O.O.O=C([O-])[O-].[K+].[K+],COC(=O)c1ccc(CN(Cc2cc(Br)ccc2OCc2ccccc2)c2ccc(C(=O)OC(C)(C)C)cc2)cc1
CC(C)c1nn(Cc2ccc(Br)cc2)c(=O)c(C(=O)NCC(=O)O)c1O.COc1cc(B(O)O)ccn1>C1COCCO1.Cl.O.O=C([O-])[O-].[K+].[K+].c1ccc(P(c2ccccc2)(c2ccccc2)[Pd](P(c2ccccc2)(c2ccccc2)c2ccccc2)(P(c2ccccc2)(c2ccccc2)c2ccccc2)P(c2ccccc2)(c2ccccc2)c2ccccc2)cc1,COc1cc(-c2ccc(Cn3nc(C(C)C)c(O)c(C(=O)NCC(=O)O)c3=O)cc2)ccn1
Cc1cccc(Br)[n+]1[O-].O=[N+]([O-])O>O.O=C([O-])O.O=S(=O)(O)O.[Na+],Cc1cc([N+](=O)[O-])cc(Br)[n+]1[O-]
CCC(O)(c1cn(Cc2ccc3c(-c4ccc(F)cc4)cc(C(C)=O)nc3c2)nn1)C(F)(F)F.C[Mg+]>C1CCOC1.[Br-],CCC(O)(c1cn(Cc2ccc3c(-c4ccc(F)cc4)cc(C(C)(C)O)nc3c2)nn1)C(F)(F)F
CC1(C)OB(c2cccc(NC(=O)C3CCCN3C(=O)OCc3ccccc3)c2)OC1(C)C.O=C(NC1CC1)c1csc(Br)n1>CN(C)C=O.CO.O=C([O-])O.[Na+],O=C(NC1CC1)c1csc(-c2cccc(NC(=O)C3CCCN3C(=O)OCc3ccccc3)c2)n1
CCN1CCNCC1.CCOC(=O)c1ccc(Cl)nc1>,CCOC(=O)c1ccc(N2CCN(CC)CC2)nc1
CC(C)NCc1csc2ccccc12.CCOC(=O)C[N+](=O)[O-]>Cc1ccccc1C,CCOC(=O)C(Cc1csc2ccccc12)[N+](=O)[O-]
CC(C)(C)[Si](C)(C)OCCN1C(=O)c2ccccc2Oc2ccccc21>C1CCOC1.CCCC[N+](CCCC)(CCCC)CCCC.[F-],O=C1c2ccccc2Oc2ccccc2N1CCO
C=CCOCC1(c2cccc(C#N)c2)NC(=O)N(c2ccc(C#N)c(C(F)(F)F)c2)C1=O.O=C([O-])[O-]>CI.CN(C)C=O.[K+].[K+],C=CCOCC1(c2cccc(C#N)c2)C(=O)N(c2ccc(C#N)c(C(F)(F)F)c2)C(=O)N1C
CS(=O)(=O)c1ccc(-c2cnc(N)cn2)cc1.O=N[O-]>O=S(=O)(O)O.[Na+],CS(=O)(=O)c1ccc(-c2cnc(O)cn2)cc1
CNC.O=C(c1ccc(Cl)nc1)N1CCN(S(=O)(=O)c2ccc(C(F)(F)F)cc2)CC1>CCOC(C)=O,CN(C)c1ccc(C(=O)N2CCN(S(=O)(=O)c3ccc(C(F)(F)F)cc3)CC2)cn1
CCc1ccncc1.Fc1ccccc1CCBr>,CC(CCc1ccccc1F)c1ccncc1
CC(C)(C)c1ccc(OC2CCCC2O)c(C(C)(C)C)c1.O=C([O-])CCl>CCCCCC.CS(C)=O.[H-].[Na+].[Na+],CC(C)(C)c1ccc(OC2CCCC2OCC(=O)O)c(C(C)(C)C)c1
Fc1ccc(Br)cn1.Fc1cccc(-c2cnoc2-c2n[nH]c3ncccc23)c1F>,Fc1cccc(-c2cnoc2-c2n[nH]c3ncc(Br)cc23)c1F
CCCCc1c[nH]c2ccccc2c1=O.N#Cc1ccc(Br)cc1.O=C([O-])[O-]>CC(C)=O.[K+].[K+],CCCCc1cn(Cc2ccc(C#N)cc2)c2ccccc2c1=O
CCOC(=O)CCCBr.CCOC(=O)Cc1ccc(N)cc1>CN(C)C=O.O.O=C([O-])[O-].[K+].[K+],CCOC(=O)CCCNc1ccc(CC(=O)OCC)cc1
Cc1cc(N=Nc2ccccc2C(=CC(=O)N(C(C)C)C(C)C)c2ccccc2)cc(C)c1O>CCO,CC(C)N(C(=O)C=C(c1ccccc1)c1ccccc1N)C(C)C
N#Cc1ccc2ncccc2c1>CO.N,NCc1ccc2ncccc2c1
Cc1c(C(=O)O)cc(S)c2cc(-c3ccc4c(c3)C(C)(C)CCC4(C)C)ccc12>CCO,Cc1c(C(=O)O)ccc2cc(-c3ccc4c(c3)C(C)(C)CCC4(C)C)ccc12
COC(=O)c1cscc1S(=O)(=O)Cl.N>ClC(Cl)Cl,COC(=O)c1cscc1S(N)(=O)=O
CC(CO)n1cc(Br)ccc1=O.OB(O)c1cccs1>C1COCCO1.CCOC(C)=O.O.O=C([O-])[O-].[Na+].[Na+],CC(CO)n1cc(-c2cccs2)ccc1=O
CCc1ccc([N+](=O)[O-])cn1>[Pd],CCc1ccc(N)cn1
CN1CCC(C(O)(c2ccc(F)cc2)c2cccnc2)CC1>Br.O,CN1CCC(=C(c2ccc(F)cc2)c2cccnc2)CC1
Cc1cc(C)c2c(c1)CC(C)C2=O>C1CCOC1.CO.Cl.[BH4-].[Na+],CC1=Cc2c(C)cc(C)cc2C1
CC(C)(C)OC(=O)Nc1ccc(C(F)(F)F)cc1N.COc1ccc(-c2cccc(C(=O)CC(=O)OC(C)(C)C)c2)cn1>,COc1ccc(-c2cccc(C(=O)CC(=O)Nc3cc(C(F)(F)F)ccc3NC(=O)OC(C)(C)C)c2)cn1
CCOC(=O)c1ccn(-c2ccc(OC(F)F)cc2)n1>C1CCOC1.CO.O,O=C(O)c1ccn(-c2ccc(OC(F)F)cc2)n1
CCCCN=C=O.COC(=O)c1ccc(SC)cc1S(N)(=O)=O>O=C(Cl)Cl,COC(=O)c1ccc(SC)cc1S(=O)(=O)N=C=O
CCOC(=O)CSc1cnc(NC(=O)N(CC2CCCC2)c2ccc(S(N)(=O)=O)cc2)s1>CCOC(=O)CSc1cnc(N)s1.CS(=O)(=O)c1ccc(N(CC2CCCC2)C(=O)Nc2nc(CC(=O)O)cs2)cc1.NS(=O)(=O)c1ccc(NCC2CCCC2)cc1,NS(=O)(=O)c1ccc(N(CC2CCCC2)C(=O)Nc2ncc(SCC(=O)O)s2)cc1
Cc1nnnn1-c1ccccc1NO.O=S(=O)(Cl)Cl>CC(=O)O.Cl.O.O=N[O-].O=S=O.[Cl-].[Na+],Cc1nnnn1-c1ccccc1S(=O)(=O)Cl
CCc1nc(Cl)ccc1N.CS(=O)(=O)Cl>ClCCl.c1ccncc1,CCc1nc(Cl)ccc1NS(C)(=O)=O
Cn1cc(C2CCC3(CC2)OCCO3)c2cc(C#N)ccc21>C1CCOC1.Cl.O=C([O-])O.[Na+],Cn1cc(C2CCC(=O)CC2)c2cc(C#N)ccc21
CC(C)C(=O)Nc1cccc(C2CCNCC2)c1.OC(CCCl)c1ccccc1>CN(C)C=O.O.O=C([O-])[O-].[I-].[K+].[K+].[Na+],CC(C)C(=O)Nc1cccc(C2CCN(CCC(O)c3ccccc3)CC2)c1
C=CCN(CC1CCCC1)C(C)CCCC(=O)c1ccc(-n2ccnc2)cc1>NN.OCCOCCO.[K+].[OH-],C=CCN(CC1CCCC1)C(C)CCCCc1ccc(-n2ccnc2)cc1
CC1(C)CCC(c2c(Br)cc(F)c(F)c2F)NC1=O>CCO,CC1(C)CCC(c2ccc(F)c(F)c2F)NC1=O
CC(=O)C1(Br)Cc2ccccc2C1C.CC1c2ccccc2CC1C(=O)CBr>Br.CC(=O)C1Cc2ccccc2C1C.ClCCl,CC1c2ccccc2CC1(Br)C(=O)CBr
CC(C)(O)C(N)c1ccc(F)cc1.Clc1nc(Cl)c2c(n1)CCS2>C1COCCO1.CCN(C(C)C)C(C)C,CC(C)(O)C(Nc1nc(Cl)nc2c1SCC2)c1ccc(F)cc1
CC(C)(C)c1ccc(OS(C)(=O)=O)c(C(C)(C)C)c1>CO.O.O=C[O-].[Li+],CC(C)(C)c1cccc(C(C)(C)C)c1
O=C(Cl)c1ccc([N+](=O)[O-])cc1.c1cc2n(c1)Cc1ccoc1NC2>CCN(CC)CC.CCOC(C)=O.ClCCl,O=C(c1ccc([N+](=O)[O-])cc1)N1Cc2cccn2Cc2ccoc21
Cn1ncc2c1Nc1ccccc1N(C(=O)c1ccc(CN)cc1F)C2.O=C(O)C1CCN(CC2CC2)CC1>CCN(C(C)C)C(C)C.CN(C)C(On1nnc2ccccc21)=[N+](C)C.CN(C)C=O.Cl.F[P-](F)(F)(F)(F)F,Cn1ncc2c1Nc1ccccc1N(C(=O)c1ccc(CNC(=O)C3CCN(CC4CC4)CC3)cc1F)C2
CCCC1(CC(=O)OCC)OCCc2c1[nH]c1c(C)c(C(=O)OCc3ccccc3)cc(Br)c21.CN1CCCC1=O>CCOC(C)=O.N#C[Cu].O,CCCC1(CC(=O)OCC)OCCc2c1[nH]c1c(C)c(C(=O)OCc3ccccc3)cc(C#N)c21
CCOC(=O)CCC1CCNCC1.N#Cc1ccc(F)c2ccccc12>CS(C)=O.O.O=C([O-])[O-].[K+].[K+],CCOC(=O)CCC1CCN(c2ccc(C#N)c3ccccc23)CC1
CC(C)(C)OC(=O)ONC(C#N)c1ccccc1.c1ncn(CC2CNCCN2)n1>CCN(CC)CC.Cl.Cl.ClCCl,CC(C)(C)OC(=O)N1CCNC(Cn2cncn2)C1
COc1ccc(C2(O)CCC(N3CC(NC(=O)OC(C)(C)C)C3)CC2)cn1>ClCCl.O=C(O)C(F)(F)F,COc1ccc(C2(O)CCC(N3CC(N)C3)CC2)cn1
CC(=O)C12CC3CC1CC(COCc1ccccc1)(C3)C2.CC(=O)O>BrBr.C1COCCO1.O.[Na+].[O-]Br.[OH-],O=C(O)C12CC3CC1CC(COCc1ccccc1)(C3)C2
COCOc1cnccc1CCCO>CCO.Cl,OCCCc1ccncc1O
COC(=O)c1sc(-c2ccccc2)cc1N.[Br-]>CO.C[N+](C)(C)c1ccccc1.C[N+](C)(C)c1ccccc1.C[N+](C)(C)c1ccccc1.ClCCl.O=C([O-])[O-].[Br-].[Br-].[Ca+2],COC(=O)c1sc(-c2ccccc2)c(Br)c1N
CN1C(=O)C2CCCC(C1=O)N2C(=O)OCc1ccccc1>CCOC(C)=O.[H][H],CN1C(=O)C2CCCC(N2)C1=O
O=C(Cn1cccc(OCc2ccccc2)c1=O)NOc1ccccc1>CCO.[Fe+3].[H][H],O=C(Cn1cccc(O)c1=O)NOc1ccccc1
CC(N)C(=O)N1CCCC1C(=O)OC(C)(C)C.CCOC(=O)C(=O)CCCC1(c2cccs2)OCCO1>CC(=O)O.CCO.[BH3-]C#N.[Na+],CCOC(=O)C(CCCC1(c2cccs2)OCCO1)NC(C)C(=O)N1CCCC1C(=O)OC(C)(C)C
COc1ccc(-c2nc(Sc3ncccn3)[nH]c2-c2ccc(OC)cc2)cc1.O=C(OO)c1cccc(Cl)c1>ClCCl,COc1ccc(-c2nc(S(=O)c3ncccn3)[nH]c2-c2ccc(OC)cc2)cc1
COP(=O)(CCc1c(-c2ccc(F)cc2)cc(-c2ccccc2)nc1C(C)C)CC(O)CC(=O)O>C1COCCO1.[Li+].[OH-],CC(C)c1nc(-c2ccccc2)cc(-c2ccc(F)cc2)c1CCP(=O)(O)CC(O)CC(=O)O
O=C(OCc1ccccc1)N1CC2CN(c3cccnc3)C2C1>CO,c1cncc(N2CC3CNCC32)c1
CCC(CC)n1nnc2c(Oc3c(C)cc(C)cc3C)nc(C)c(Br)c21.[Li]CCCC>C1CCOC1.CCCCCC.CI,CCC(CC)n1nnc2c(Oc3c(C)cc(C)cc3C)nc(C)c(C)c21
CCCc1c(O)cccc1OCCCCc1nnn[nH]1.O=S(=O)(Cl)Cl>C1CCOC1,CCCc1c(OCCCCc2nnn[nH]2)ccc(Cl)c1O
Oc1ccc2c(c1)C=CCO2>c1ccccc1,Oc1ccc2c(c1)CCCO2
Nc1ncnc2[nH]nc(I)c12.O=Cc1ccc(F)cc1>CN(C)C=O.[H-].[Na+],Nc1ncnc2c1c(I)nn2-c1ccc(C=O)cc1
COc1ccc2c(Nc3c(Cl)cncc3Cl)cc(=O)oc2c1OC1CCCC1.O=C(OC(=O)C(F)(F)F)C(F)(F)F>Cl.ClCCl.O=S([O-])([O-])=S.[Na+].[Na+],COc1ccc2c(Nc3c(Cl)cncc3Cl)c(O)c(=O)oc2c1OC1CCCC1
CC(Br)C(=O)c1ccc(C(F)(F)F)cn1.c1nc[nH]n1>CC#N.CCOC(C)=O.[Na],CC(C(=O)c1ccc(C(F)(F)F)cn1)n1cncn1
COC(=O)C1CC(NS(=O)(=O)c2ccc(Cl)cc2)CN1Cc1cccnc1>CC(C)C[Al+]CC(C)C.Cc1ccccc1.ClCCl.O=C([O-])C(O)C(O)C(=O)[O-].[H-].[K+].[Na+],O=CC1CC(NS(=O)(=O)c2ccc(Cl)cc2)CN1Cc1cccnc1
CN1CCC2(CC1)c1ccccc1Oc1ccccc12.O=C(Cl)Oc1ccccc1>ClCCl,O=C(Oc1ccccc1)N1CCC2(CC1)c1ccccc1Oc1ccccc12
C[SiH](C)OC(c1cccc(CO)c1)C(C)(C)C.O=C1NC(=O)c2ccccc21>C1CCOC1.CC(C)OC(=O)N=NC(=O)OC(C)C,C[SiH](C)OC(c1cccc(Cc2cccc3c2C(=O)NC3=O)c1)C(C)(C)C
COc1ccc(CNC(=O)c2cc([N+](=O)[O-])ccc2NC2CCC(O)CC2)cc1F>C1CCOC1.CCOC(=O)N=NC(=O)OCC.O=C(O)c1ccccc1.c1ccc(P(c2ccccc2)c2ccccc2)cc1,COc1ccc(CNC(=O)c2cc([N+](=O)[O-])ccc2NC2CC=CCC2)cc1F
C=CC(=O)OC.Cc1cc2oc(=O)c(CC(=O)Nc3ccc(F)cc3C(F)(F)F)c(-c3ccccc3)c2cc1Br>CC(=O)[O-].CC(=O)[O-].CCN(CC)CC.CN(C)C=O.O.[Pd+2].c1ccc(P(c2ccccc2)c2ccccc2)cc1,COC(=O)C=Cc1cc2c(-c3ccccc3)c(CC(=O)Nc3ccc(F)cc3C(F)(F)F)c(=O)oc2cc1C
CI.COC(=O)C1CCC(C)(C)c2ccccc21>C1CCOC1.CO.O.[H-].[Na+],COC(=O)C1(C)CCC(C)(C)c2ccccc21
NC(=O)c1cc([N+](=O)[O-])ccc1-c1cc2ccccc2s1>C1CCOC1.O=[Pt]=O,NC(=O)c1cc(N)ccc1-c1cc2ccccc2s1
CC(C)c1onc(-c2c(Cl)cccc2Cl)c1CCl.CCOC(=O)c1nc2ccc(-c3ccc(O)cc3)cc2cc1C>CN(C)C=O.O.O=C([O-])[O-].[Cs+].[Cs+],CCOC(=O)c1nc2ccc(-c3ccc(OCc4c(-c5c(Cl)cccc5Cl)noc4C(C)C)cc3)cc2cc1C
CC(C)(C)OC(=O)NC1CCC(c2cccc(F)c2F)CNC1=O.COc1ccc(P2(=S)SP(=S)(c3ccc(OC)cc3)S2)cc1>Cc1ccccc1,CC(C)(C)OC(=O)NC1CCC(c2cccc(F)c2F)CNC1=S
CCc1ncnc(O)c1F.Cl>CCN(CC)CC.ClCCl.O=P(Cl)(Cl)Cl,CCc1ncnc(Cl)c1F
CO.C[Si](C)(C)C=[N+]=[N-].O=C1OC(=O)c2c1cc1ccc3c(c1c2-c1ccc2c(c1)OCO2)OCO3>C1CCOC1,COC(=O)c1cc2ccc3c(c2c(-c2ccc4c(c2)OCO4)c1C(=O)OC)OCO3
CC(Oc1ccc(C(F)(F)F)cc1B(O)O)C(=O)O.O=C(O)COc1ccc(Cl)cc1-c1ccc(C(=O)N2CCCC2)c(F)c1>,CC(Oc1ccc(C(F)(F)F)cc1-c1ccc(C(=O)N2CCCC2)c(F)c1)C(=O)O
CC(C)(C)OC(=O)N1CCC(c2cc(O)n3nccc3n2)C1.O=P(Cl)(Cl)Cl>CN(C)c1ccccc1,CC(C)(C)OC(=O)N1CCC(c2cc(Cl)n3nccc3n2)C1
CNC(=O)CCN(CCOC)c1nc(Cl)ncc1Br>C1COCCO1.O=C(C=Cc1ccccc1)C=Cc1ccccc1.O=C(C=Cc1ccccc1)C=Cc1ccccc1.O=C(C=Cc1ccccc1)C=Cc1ccccc1.O=C([O-])[O-].[Cs+].[Cs+].[Pd].[Pd],COCCN1CCC(=O)N(C)c2cnc(Cl)nc21
Cc1nc(Cl)c2nc(-c3ccccc3)cc-2[nH]1.NCCN1CCOCC1>O.O=C([O-])[O-].[K+].[K+],Cc1nc(NCCN2CCOCC2)c2nc(-c3ccccc3)cc-2[nH]1
CCOC(=O)C1=Cc2cc(-c3ccc(C)cc3)ccc2OC1C>C1CCOC1.CCO.[Na+].[OH-],Cc1ccc(-c2ccc3c(c2)C=C(C(=O)O)C(C)O3)cc1
CCn1c(-c2ccco2)n[nH]c1=S.Clc1cc(-c2nc(COn3nnc4ccccc43)no2)cs1>CCCCCCC.CCOC(C)=O.COc1cccc(-c2nc(CSc3nc4ccccc4[nH]3)no2)c1.O=C([O-])[O-].[Cs+].[Cs+],CCn1c(SCc2noc(-c3csc(Cl)c3)n2)nnc1-c1ccco1
CCCOc1cc(OC)c2c(c1)C(=O)c1cccc(OC(C)C)c1-2>ClB(Cl)Cl.ClCCl,CCCOc1cc(OC)c2c(c1)C(=O)c1cccc(O)c1-2
CCI.COc1ccc2c(c1)NC(=O)CCC2>CN(C)C=O.[H-].[Na+],CCN1C(=O)CCCc2ccc(OC)cc21
CN(C)C1CC(NC(=O)C(F)(F)F)(c2ccc(-c3nc4ccn5c(-c6ncccn6)nnc5c4cc3-c3ccccc3)cc2)C1>CCO.CCOC(C)=O.O=C([O-])O.[K+].[Na+].[OH-],CN(C)C1CC(N)(c2ccc(-c3nc4ccn5c(-c6ncccn6)nnc5c4cc3-c3ccccc3)cc2)C1
COc1ccc(C=C(C)[N+](=O)[O-])cc1OCc1ccccc1>C1CCOC1.CCO.CCOC(C)=O.Cl.[BH4-].[Na+],COc1ccc(CC(C)[N+](=O)[O-])cc1OCc1ccccc1
CC(C)CC(Oc1ccc(-c2ccc(C(C)(C)C)cc2)cc1)c1ccc(C(=O)O)cc1.COC(=O)C(O)CN>CCN(CC)CC.CCN=C=NCCCN(C)C.CN(C)c1ccncc1.ClCCl,COC(=O)C(O)CNC(=O)c1ccc(C(CC(C)C)Oc2ccc(-c3ccc(C(C)(C)C)cc3)cc2)cc1
CCn1c(C2CCCCC2)cc2cc([N+](=O)[O-])ccc21>CCO,CCn1c(C2CCCCC2)cc2cc(N)ccc21
CC(=O)Oc1ccc2c(c1)CCC2=O>CO.[BH4-].[Na+],CC(=O)Oc1ccc2c(c1)CCC2O
O=C(NCC(F)(F)F)C1(CCCBr)c2ccccc2Oc2ccccc21.O=c1c2cc(N3CCNCC3)ccc2cnn1Cc1ccccn1>,O=C(NCC(F)(F)F)C1(CCCN2CCN(c3ccc4cnn(Cc5ccccn5)c(=O)c4c3)CC2)c2ccccc2Oc2ccccc21
COC(=O)C(Cc1ccc(O)cc1)Nc1nc(-c2ccccc2)cs1.Cc1noc(C)c1CO>C1CCOC1.CCOC(=O)N=NC(=O)OCC.c1ccc(P(c2ccccc2)c2ccccc2)cc1,COC(=O)C(Cc1ccc(OCc2c(C)noc2C)cc1)Nc1nc(-c2ccccc2)cs1
CCC1CC(NC(C)=O)CC1c1nnc2cnc3c(ccn3S(=O)(=O)c3ccc(C)cc3)n12>C1COCCO1.Cl,CCC1CC(N)CC1c1nnc2cnc3c(ccn3S(=O)(=O)c3ccc(C)cc3)n12
Br.NC1CCc2c(ccc(O)c2O)C1=O>O.O=[Pt]=O.[H][H],NC1CCc2c(ccc(O)c2O)C1O
C=CCN1CCCNCC1.COc1cc(CCc2cc(NC(=O)c3cnc(Cl)cn3)[nH]n2)cc(OC)c1>CO.CS(C)=O,C=CCN1CCCN(c2cnc(C(=O)Nc3cc(CCc4cc(OC)cc(OC)c4)n[nH]3)cn2)CC1
CC(O)c1cn(CCN2CCCC2)c(C2CCN(C(=O)OC(C)(C)C)CC2)n1>CO.O=P(O)(O)O.[OH-].[OH-].[Pd+2],CCc1cn(CCN2CCCC2)c(C2CCN(C(=O)OC(C)(C)C)CC2)n1
CCOC(CN)(OCC)c1cc(C)nc(CC(C)C)c1.CCc1cc(C(=O)O)cc(C)c1OCc1ccccc1>CCN(C(C)C)C(C)C.CN(C)C=O.Cl.Cl.Cl.ClCCCl.On1nnc2ccccc21,CCOC(CNC(=O)c1cc(C)c(OCc2ccccc2)c(CC)c1)(OCC)c1cc(C)nc(CC(C)C)c1
O=C(O)CI.O=Cc1ccc(O)cc1>CCOC(C)=O.O.O=C([O-])[O-].O=P(O)(O)O.[K+].[K+],O=Cc1ccc(OCC(=O)O)cc1
Brc1ccc2[nH]c3ccc(Br)cc3c2c1.CC(C)(C)OC(=O)N1CCN(CC2CO2)CC1>[H-].[Na+],CC(C)(C)OC(=O)N1CCN(CC(O)Cn2c3ccc(Br)cc3c3cc(Br)ccc32)CC1
C=C(C=O)c1ccccc1.[C-]#[N+]CC(=O)OC>,C=C(c1ccccc1)C1OC=NC1C(=O)OC
C=CCCN.COc1ccc2c(Cl)nc(C#N)c(-c3cccc(F)c3)c2c1>CC(C)O,C=CCCNc1nc(C#N)c(-c2cccc(F)c2)c2cc(OC)ccc12
C#CCOc1cc(Cl)ncn1.Oc1cccc(C(F)(F)F)c1>CN(C)C=O.O=C([O-])[O-].[Cl-].[K+].[K+].[NH4+],C#CCOc1cc(Oc2cccc(C(F)(F)F)c2)ncn1
CC(C)(C)OC(=O)N1CCC(S(=O)(=O)c2ccc(Cl)c(Cl)c2)CC1>CO.Cl.O=C([O-])[O-].[Na+].[Na+],O=S(=O)(c1ccc(Cl)c(Cl)c1)C1CCNCC1
CC(n1nccn1)C1(c2ccc(F)cc2F)CO1.c1nc[nH]n1>CCOC(C)=O.CN(C)C=O.O.[H-].[Na+],CC(n1nccn1)C(O)(Cn1cncn1)c1ccc(F)cc1F
COC(=O)c1c([N+](=O)[O-])ccc(F)c1C.CS(=O)(=O)CCO>CN(C)C=O.[H-].[Na+],COC(=O)c1c([N+](=O)[O-])ccc(O)c1C
CCOC(=O)C(CO)(CO)C(=O)OCC.COC(C)(C)OC>CC(C)=O.O=C([O-])[O-].O=S(=O)(O)O.[Na+].[Na+],CCOC(=O)C1(C(=O)OCC)COC(C)(C)OC1
CCOC(=O)CCc1cc(O)nn1-c1ccccc1.Cc1oc(-c2ccccc2)nc1COc1ccc(CCl)cc1>CN(C)C=O.O.O=C([O-])[O-].[K+].[K+],CCOC(=O)CCc1cc(OCc2ccc(OCc3nc(-c4ccccc4)oc3C)cc2)nn1-c1ccccc1
CC(C)(C)OC(=O)N1CCc2cc(-n3c(=O)[nH]c4cccnc43)ccc21.CC(C)I>CN(C)C=O.O,CC(C)n1c(=O)n(-c2ccc3c(c2)CCN3C(=O)OC(C)(C)C)c2ncccc21
CCOC(=O)c1cc(C)c(OC)c(C)c1>Cl.[Na+].[OH-],COc1c(C)cc(C(=O)O)cc1C
CC(C)c1ccc(CC#N)cc1.CCO.Cl>,CC(C)c1ccc(CC(=N)O)cc1
COc1ccccc1CC(=O)Nc1cc(-c2ccncc2)cc2nc(-c3ccccc3)nn12>C1CCOC1.CO.C[Si](C)(C)Cl,COc1ccccc1CCNc1cc(-c2ccncc2)cc2nc(-c3ccccc3)nn12
CCOC(=O)c1cn(C(C)C)nc1O.O=C1CCC(=O)N1Br>ClCCl,CCOC(=O)c1c(O)nn(C(C)C)c1Br
CCCOc1ccc(CN2CCC(C(O)(c3ccc(OC(F)(F)F)cc3)c3ccc(OC(F)(F)F)cc3)CC2)cc1.CCN(CC)S(F)(F)F>ClCCl,CCCOc1ccc(CN2CCC(C(F)(c3ccc(OC(F)(F)F)cc3)c3ccc(OC(F)(F)F)cc3)CC2)cc1
BrCc1ccc2ccccc2c1.NC(N)=S>CCO.Cl.O.[K+].[OH-],SCc1ccc2ccccc2c1
CC(N)c1ccc(F)cc1.Clc1cc(OCC2CC2)cc(Cl)n1>CC(=O)[O-].CC(=O)[O-].CC(C)(C)P(c1ccccc1-c1ccccc1)C(C)(C)C.CC(C)(C)[O-].CCOC(C)=O.Cc1ccccc1.[Na+].[Pd+2],CC(Nc1cc(OCC2CC2)cc(Cl)n1)c1ccc(F)cc1
CC(Oc1c(N)ncc2c(C3=CCNCC3)coc12)c1c(Cl)ccc(F)c1Cl.O=C=Nc1ccccc1>CCN(C(C)C)C(C)C.CN(C)C=O,CC(Oc1c(N)ncc2c(C3=CCN(C(=O)Nc4ccccc4)CC3)coc12)c1c(Cl)ccc(F)c1Cl
CC(C)(C#N)c1cc(Br)cc(-c2ccnc3[nH]ncc23)c1.OB(O)c1ccccc1>CCOC(C)=O.COCCOC.O.O=C([O-])[O-].[Na+].[Na+].c1ccc(P(c2ccccc2)(c2ccccc2)[Pd](P(c2ccccc2)(c2ccccc2)c2ccccc2)(P(c2ccccc2)(c2ccccc2)c2ccccc2)P(c2ccccc2)(c2ccccc2)c2ccccc2)cc1,CC(C)(C#N)c1cc(-c2ccccc2)cc(-c2ccnc3[nH]ncc23)c1
CN1C(=O)c2c(ncn2Cc2ccccc2)N2C1=NC1CCCC12>CCO,CN1C(=O)c2[nH]cnc2N2C1=NC1CCCC12
CC(C)(C)OC(=O)N1CC(C(=O)O)C1.Nc1cnn2ccc(N3CCCC3c3cc(F)ccc3Cl)nc12>CC#N.CCN(C(C)C)C(C)C.CN(C)C(On1nnc2cccnc21)=[N+](C)C.F[P-](F)(F)(F)(F)F,CC(C)(C)OC(=O)N1CC(C(=O)Nc2cnn3ccc(N4CCCC4c4cc(F)ccc4Cl)nc23)C1
COc1ccc(OC(F)(F)F)cc1C(=O)O.ClCCl>CN(C)C=O.O=C(Cl)C(=O)Cl,COc1ccc(OC(F)(F)F)cc1C(=O)Cl
CCC(=O)Nc1sc(CC)cc1C(=O)c1ccccc1Cl>CCO.ClC(Cl)Cl.O.[K+].[OH-],CCc1cc(C(=O)c2ccccc2Cl)c(NC)s1
C=C(C)C(=O)N=C=O.O=C(c1ccccc1)c1ccc(O)cc1>ClC(Cl)Cl.ClCCCl,C=C(C)C(=O)NC(=O)Oc1ccc(C(=O)c2ccccc2)cc1
Cc1cnc2sc(-c3ccccc3[N+](=O)[O-])nc2c1.O=C1CCC(=O)N1Br>ClC(Cl)(Cl)Cl.O=C(OOC(=O)c1ccccc1)c1ccccc1,O=[N+]([O-])c1ccccc1-c1nc2cc(CBr)cnc2s1
CC(C)(C)OC(=O)N1CC=C(B2OC(C)(C)C(C)(C)O2)CC1.Cc1cc(Br)c(Cl)cc1N>CN(C)C=O.O.O=C([O-])[O-].[Na+].[Na+].[Pd].c1ccc(P(c2ccccc2)c2ccccc2)cc1.c1ccc(P(c2ccccc2)c2ccccc2)cc1.c1ccc(P(c2ccccc2)c2ccccc2)cc1.c1ccc(P(c2ccccc2)c2ccccc2)cc1,Cc1cc(C2=CCN(C(=O)OC(C)(C)C)CC2)c(Cl)cc1N
COC(=O)C1=Cc2cc(C(=O)c3ccc(Cl)cc3Cl)c(O)cc21.Cl[Al](Cl)Cl>COC(=O)C1=Cc2ccc(OC)cc21,O=C(Cl)c1ccc(Cl)cc1Cl
C1CNCCN1.CCS(=O)(=O)c1nc(C#N)c(Cl)c(N2CCS(=O)(=O)CC2)n1>C1COCCO1,N#Cc1nc(N2CCNCC2)nc(N2CCS(=O)(=O)CC2)c1Cl
CC(C)(C)[SiH2]OC(C)(C)c1cc(C(F)(F)F)ccc1C(=O)C1CCCCC1>CC(C)O.[K+].[OH-].c1ccc(P(c2ccccc2)c2ccccc2CNC2CCCCC2NCc2ccccc2P(c2ccccc2)c2ccccc2)cc1,CC(C)(C)[SiH2]OC(C)(C)c1cc(C(F)(F)F)ccc1C(O)C1CCCCC1
O=C([O-])[O-].O=[N+]([O-])c1cc(I)ccc1O>CC(C)=O.[K+].[K+],COc1ccc(I)cc1[N+](=O)[O-]
CC(Oc1ccc(Cl)cc1Cl)c1nnc(N)s1.O=C(Cl)Cl>CCOC(C)=O,CC(Oc1ccc(Cl)cc1Cl)c1nnc(N=C=O)s1
CC(NC(=O)C(O)C(CCCCNC(=O)N1CCOCC1)NC(=O)OC(C)(C)C)c1ccccc1.Cl>CCOC(C)=O,CC(NC(=O)C(O)C(N)CCCCNC(=O)N1CCOCC1)c1ccccc1
COc1ccc2nccc(-n3cc(C(=O)Cl)c4ccccc43)c2c1.N=C(N)N>C1CCOC1.CC(C)OC(C)C.CO.C[O-].Cl.Cl.ClCCl.[Na+],COc1ccc2nccc(-n3cc(C(=O)NC(=N)N)c4ccccc43)c2c1.Cl
CC(C)(OC(=O)OCc1ccc([N+](=O)[O-])cc1)C1C(=O)NC1CC(=O)O.O=C([O-])CC(=O)OCc1ccc([N+](=O)[O-])cc1>C1CCOC1.CC(C)OC(C)C.ClC(Cl)Cl.[Mg],CC(C)(OC(=O)OCc1ccc([N+](=O)[O-])cc1)C1C(=O)NC1CC(=O)CC(=O)OCc1ccc([N+](=O)[O-])cc1
CCOC(=O)c1ccsc1C(F)F>C1CCOC1.CCO.[Na+].[OH-],O=C(O)c1ccsc1C(F)F
COc1ccc(CCl)cc1.Cc1cc2c(=O)[nH]ccc2cc1F>CN(C)C=O.O.O=C([O-])[O-].[Cs+].[Cs+],COc1ccc(Cn2ccc3cc(F)c(C)cc3c2=O)cc1
CCI.COc1ccc(-c2cc(=O)n(C)c(=O)[nH]2)cc1OC>CN(C)C=O.O.[H-].[Na+],CCOc1nc(-c2ccc(OC)c(OC)c2)cc(=O)n1C
CC(C)Cn1c(=O)n(C)c(=O)c2c(SC(C)C)c(CCl)sc21.c1ccc2[nH]cnc2c1>CN(C)C=O.O.[H-].[Na+],CC(C)Cn1c(=O)n(C)c(=O)c2c(SC(C)C)c(Cn3cnc4ccccc43)sc21
CN(C)C1CCc2ccccc2C(O)C1.O=[N+]([O-])c1ccccc1Cl>CS(C)=O.[OH-],CN(C)C1CCc2ccccc2C(Oc2ccccc2[N+](=O)[O-])C1
NCCC#Cc1cccc(CF)n1.O=S(=O)(Cl)c1ccccc1Cl>,O=S(=O)(NCCC#Cc1cccc(CF)n1)c1ccccc1Cl
COC(=O)C1CCC(=O)N1C(=O)OC(C)(C)C.COc1cc(Br)ccc1OCc1ccccc1F>C1CCOC1.CC(C)O.CCOCC.COc1ccccc1OCc1ccccc1F.[Mg],COC(=O)C(CCC(=O)c1ccc(OCc2ccccc2F)c(OC)c1)NC(=O)OC(C)(C)C
COc1cc2c(cc1[N+](=O)[O-])CCN(C(=O)C(F)(F)F)CC2>CC#N.[Na+].[OH-],COc1cc2c(cc1[N+](=O)[O-])CCNCC2
CN1Cc2cccc(Cl)c2S1(=O)=O.SCc1ccccc1>CC(C)(C)[O-].CN(C)C=O.O.[K+],CN1Cc2cccc(SCc3ccccc3)c2S1(=O)=O
Clc1nnnn1-c1ccccc1.N#Cc1ccc(N)c(C(F)(F)F)c1>C1CCOC1.O.[H-].[H][H].[Na+],N#Cc1ccc(Nc2nnnn2-c2ccccc2)c(C(F)(F)F)c1
Nc1ccc(O)cc1.O=C(O)CS>Cl.O=C=O,O=C(CS)Nc1ccc(O)cc1
CCOC(=O)CCCOc1cccc(O)c1.CS(=O)(=O)OCCn1nc(C(c2ccccc2)c2ccccc2)ccc1=O>CCOC(C)=O.CN(C)C=O.O=C([O-])[O-].[I-].[K+].[K+].[Na+],CCOC(=O)CCCOc1cccc(OCCn2nc(C(c3ccccc3)c3ccccc3)ccc2=O)c1
CC(=O)N1CCC(CCC(=O)O)CC1.O=C1CCc2cccc3c2N1CCC3>,CC(=O)N1CCC(CCC(=O)c2cc3c4c(c2)CCC(=O)N4CCC3)CC1
COCCN(C)c1ccc(N)cn1.O=C(O)c1nc(C2CCCCC2)oc1C(F)(F)F>,COCCN(C)c1ccc(NC(=O)c2nc(C3CCCCC3)oc2C(F)(F)F)cn1
COC(=O)NC1CCC(n2nnc3cnc4c(ccn4S(=O)(=O)c4ccccc4)c32)C1>C1CCOC1.CO.Cl.[Na+].[OH-],COC(=O)NC1CCC(n2nnc3cnc4[nH]ccc4c32)C1
CC(=O)Cl.CC(=O)N1CCc2ccccc21>ClCCCl.O.[Al+3].[BH4-].[Cl-].[Cl-].[Cl-].[Na+],CC(=O)N1CCc2cc(C(C)O)ccc21
Cc1ncnc(Nc2ccc(C(=O)C=CC3CCN(Cc4ccccc4)CC3)cc2)c1C>C1COCCO1.CCO.O=[Pt].[H][H],Cc1ncnc(Nc2ccc(C(=O)CCC3CCN(Cc4ccccc4)CC3)cc2)c1C
Cc1ccc(B(O)O)cc1.O=[N+]([O-])c1ccc(-n2nnnc2-c2ccccc2Br)cc1>CO.Cc1ccccc1.O.O=C([O-])[O-].[Na+].[Na+].c1ccc(P(c2ccccc2)(c2ccccc2)[Pd](P(c2ccccc2)(c2ccccc2)c2ccccc2)(P(c2ccccc2)(c2ccccc2)c2ccccc2)P(c2ccccc2)(c2ccccc2)c2ccccc2)cc1,Cc1ccc(-c2ccccc2-c2nnnn2-c2ccc([N+](=O)[O-])cc2)cc1
Cn1c(C=O)cnc1[N+](=O)[O-]>CC(C)=O.CCO.Cl.[BH4-].[Na+],Cn1c(CO)cnc1[N+](=O)[O-]
COc1cc(CCN)ccc1OCc1ccccc1.ClCC[NH+](CCCl)CCCc1ccccc1>CCOC(C)=O.CN(C)C=O.Cl.O.O=C([O-])[O-].[Cl-].[I-].[K+].[K+].[Na+],COc1cc(CCN2CCN(CCCc3ccccc3)CC2)ccc1OCc1ccccc1
CCC(Oc1cc2cc(C3CCCCC3)sc2c(Cl)c1Cl)C(=O)[O-]>CCO.[Na+].[OH-],O=C(O)COc1cc2cc(C3CCCCC3)sc2c(Cl)c1Cl
COc1cc(Cl)cc(Cl)c1S(=O)(=O)NC(Cc1c[nH]c2ccccc12)C(F)(F)F>BrB(Br)Br.ClCCl,O=S(=O)(NC(Cc1c[nH]c2ccccc12)C(F)(F)F)c1c(O)cc(Cl)cc1Cl
CCC(CC)Nc1cc(C(=O)OC)c(C(F)(F)F)cc1C#N.O=C([O-])[O-]>CS(C)=O.OO.[K+].[K+],CCC(CC)Nc1cc(C(=O)OC)c(C(F)(F)F)cc1C(N)=O
CCOC(=O)c1c[nH]c2c(Cl)nc(C)cc2c1=O.O=C([O-])[O-]>CI.CN(C)C=O.O.[K+].[K+],CCOC(=O)c1cn(C)c2c(Cl)nc(C)cc2c1=O
CC1(C)OCC(=O)Nc2ccc(Br)cc21.N#Cc1cc(Br)co1>,CC1(C)OCC(=O)Nc2ccc(-c3coc(C#N)c3)cc21
CCC(C#N)(CC)O[PH](=O)[O-].COc1cccc(C=O)c1>C1CCOC1.[H-].[Na+],COc1cccc(C=CC#N)c1
C1CCNC1.COc1cccc(C2=C(CC(C)=O)C(=O)NCCC2)c1>Cc1ccc(S(=O)(=O)O)cc1.O.O.c1ccccc1,COc1cccc(C2=C(CC(C)N3CCCC3)C(=O)NCCC2)c1
CN(C)Cc1cc(OCCCN)cs1.COc1c(N)c(=O)c1=O>,CN(C)Cc1cc(OCCCNc2c(N)c(=O)c2=O)cs1
C=Cc1ccc(CNC(=O)c2[nH]c(C)nc2Cl)c(F)c1Oc1cc(Cl)cc(C#N)c1.CCOCC>CC(=O)[CH-]C(C)=O.[Pd+2],Cc1nc(Cl)c(C(=O)NCc2ccc(C3CC3)c(Oc3cc(Cl)cc(C#N)c3)c2F)[nH]1
COc1cc(Br)cc(C(=O)O)c1>C1CCOC1.[Al+3].[H-].[H-].[H-].[H-].[Li+],COc1cc(Br)cc(CO)c1
CSc1sc(C(C)=O)cc1C#N.O=C(OO)c1cccc(Cl)c1>ClCCl.O.O=C([O-])O.[Na+],CC(=O)c1cc(C#N)c(S(C)=O)s1
CCOC(=O)c1cn[nH]c1C>CCO.[Na+].[OH-],Cc1[nH]ncc1C(=O)O
Cc1ccc(C)c(N)c1.FC(F)(F)c1cc(Cl)nc(-c2cccnc2)n1>,Cc1ccc(C)c(Nc2cc(C(F)(F)F)nc(-c3cccnc3)n2)c1
CC(Cl)Cl.COB(OC)OC>C1CCOC1.CC(C)NC(C)C.COB(OC)C(Cl)Cl.[Li]CCCC,COB(OC)C(C)(Cl)Cl
CC(C)(C)OC(N)=O.CSc1sc(C#N)cc1S(=O)(=O)c1cccc(N2CCCCC2)c1>C1CCOC1.[Li]CCCC,CSc1sc(C(=N)NC(=O)OC(C)(C)C)cc1S(=O)(=O)c1cccc(N2CCCCC2)c1
CC(=O)OC(C)=O.CC1(C)OCC(CO)O1>CN(C)c1ccncc1.ClCCl,CC(=O)OCC1COC(C)(C)O1
Cc1cnc(Cl)nc1N.Clc1nccc2ccccc12>C1COCCO1.O=C(C=Cc1ccccc1)C=Cc1ccccc1.O=C(C=Cc1ccccc1)C=Cc1ccccc1.O=C(C=Cc1ccccc1)C=Cc1ccccc1.O=C([O-])[O-].[Cs+].[Cs+].[Pd].[Pd],Cc1cnc(Cl)nc1-c1nccc2ccccc12
CCOC(=O)C#CC1CC1.COCOc1ccc(I)cc1.OB(O)c1ccccc1>CN(C)C=O.Cl[Pd]Cl.N#Cc1ccccc1.N#Cc1ccccc1.O=C([O-])[O-].[K+].[K+],CCOC(=O)C(=C(c1ccc(OCOC)cc1)C1CC1)c1ccccc1
COC(O)C(F)(F)F.Cc1cc(=O)c(O)c[nH]1>CC(=O)O.Cl.O.O=C([O-])[O-].O=C=O.[K+].[K+],Cc1cc(=O)c(O)c(C(O)C(F)(F)F)[nH]1
CCOC(=O)CC(=O)OCC.COc1cc2nc(Cl)nc(Cl)c2cc1OC>C1COCCO1.O.[H-].[Na+],CCOC(=O)C(C(=O)OCC)c1nc(Cl)nc2cc(OC)c(OC)cc12
CI.Cn1nnc(N(Cc2cc(C(F)(F)F)cc(C(F)(F)F)c2)Cc2cc(C(F)(F)F)ccc2C(O)C2CCCCC2)n1>C1CCOC1.O.[H-].[Na+],COC(c1ccc(C(F)(F)F)cc1CN(Cc1cc(C(F)(F)F)cc(C(F)(F)F)c1)c1nnn(C)n1)C1CCCCC1
O=C1c2ccccc2C(=O)N1CCCCN(Cc1nc2c([nH]1)CCCC2)C1CCCc2cccnc21>CCO.NN.O,NCCCCN(Cc1nc2c([nH]1)CCCC2)C1CCCc2cccnc21
COc1ccc2c(c1)C(=CC#N)CCC2>CCO.CCO.N,COc1ccc2c(c1)C(=CCN)CCC2
COC(=O)C(Cc1ccc(-c2ccc(Oc3ccccc3)cc2)cc1)NC(=O)c1cc(Cl)ccc1N.COC(=O)CCCCC=O>CC(=O)O.CC(=O)O[BH-](OC(C)=O)OC(C)=O.[Na+],COC(=O)CCCCCNc1ccc(Cl)cc1C(=O)NC(Cc1ccc(-c2ccc(Oc3ccccc3)cc2)cc1)C(=O)OC
CC1(CCc2cc(O)n3nccc3n2)OCCO1>CC(=O)O.O,CC(=O)CCc1cc(O)n2nccc2n1
C=CC=O.O=Cc1cc(Oc2ccccc2)ccc1O>C1COCCO1.O.O=C([O-])[O-].[K+].[K+],O=CC1=Cc2cc(Oc3ccccc3)ccc2OC1
CCOC(=O)Cc1cccc(Cl)c1[N+](=O)[O-].Sc1ccccc1Cl>CN(C)C=O.O.O=C([O-])[O-].[K+].[K+],CCOC(=O)Cc1cccc(Sc2ccccc2Cl)c1[N+](=O)[O-]
NCc1ccc2c(c1)OCO2.O=C=Nc1ccc2c(c1)OCO2>c1ccccc1,O=C(NCc1ccc2c(c1)OCO2)Nc1ccc2c(c1)OCO2
COc1cc2c(Oc3cc4cnccc4nc3C)ccnc2cc1OCc1ccccc1>CS(=O)(=O)O.O=C(O)C(F)(F)F,COc1cc2c(Oc3cc4cnccc4nc3C)ccnc2cc1O
CC(=O)[O-].N#Cc1ccccc1-c1ccc(CBr)cc1>CC(=O)O.[Na+],N#Cc1ccccc1-c1ccc(CO)cc1
CS(=O)(=O)OCC1CC(SC(c2ccccc2)(c2ccccc2)c2ccccc2)CN1C(=O)OCc1ccc([N+](=O)[O-])cc1.Sc1ccccc1>C1CCOC1,O=C(OCc1ccc([N+](=O)[O-])cc1)N1CC(SC(c2ccccc2)(c2ccccc2)c2ccccc2)CC1CSc1ccccc1
COc1ccc(CNc2ccccc2)cc1.Clc1cc(Br)c2nccn2n1>C1CCOC1.CC(C)(C)[O-].[K+],COc1ccc(CN(c2ccccc2)c2cc(Cl)nn3ccnc23)cc1
C=CC(=O)OC(C)(C)C.COc1ccc(-c2c(-c3ccccc3)oc3ncnc(OC(C)C(C)O)c23)cc1>CCCC[N+](CCCC)(CCCC)CCCC.ClCCl.O=S(=O)([O-])O.[Na+].[OH-],COc1ccc(-c2c(-c3ccccc3)oc3ncnc(OC(C)C(C)OCCC(=O)OC(C)(C)C)c23)cc1
C=C(CCl)C(C(=O)OC(c1ccccc1)c1ccccc1)N1C(=O)C2N=C(COc3ccccc3)SC21.CC(C)=O>CO.ClCCl.O=[O+][O-],O=C(OC(c1ccccc1)c1ccccc1)C(=C(O)CCl)N1C(=O)C2N=C(COc3ccccc3)SC21
Cc1ccsc1-c1ccc(NC(=O)c2c(F)cccc2F)cc1.OB(O)c1cccnc1>C1CCOC1.CCO.Cc1ccccc1.Cl[Pd](Cl)([PH](c1ccccc1)(c1ccccc1)c1ccccc1)[PH](c1ccccc1)(c1ccccc1)c1ccccc1.O.O=C([O-])O.O=C1CCC(=O)N1Br.[Na+],Cc1cc(-c2cccnc2)sc1-c1ccc(NC(=O)c2c(F)cccc2F)cc1
CC(CO)NC(=O)c1cccc(C#CCCCC(=O)O)c1.CNC>Cl,CC(CO)NC(=O)c1cccc(C#CCCCC(=O)N(C)C)c1
ClP(Cl)(Cl)(Cl)Cl.O=C1c2ccccc2C(=O)N1CCCS(=O)(=O)[O-]>ClCCl.[K+],O=C1c2ccccc2C(=O)N1CCCS(=O)(=O)Cl
CC(C)N.CCOC(=O)c1cc(F)c(N2CCC(NC(=O)OC(C)(C)C)C2)cc1F>CS(C)=O,CCOC(=O)c1cc(F)c(N2CCC(NC(=O)OC(C)(C)C)C2)cc1NC(C)C
NO.O=Cc1ncn2c1C1CCCN1C(=O)c1ccccc1-2>Cl.O.O.O.O.O.O.O.O.O.O.O.O=C([O-])[O-].[Na+].[Na+],O=C1c2ccccc2-n2cnc(C=NO)c2C2CCCN12
C1CNCCN1.Nc1nc(Cl)c2c(n1)CCCS2>CO.Cl.c1ccccc1,Nc1nc2c(c(N3CCNCC3)n1)SCCC2
COc1cc(OC)c2c(CNC(=O)OC(C)(C)C)ncc(C(=O)O)c2c1.COc1ccc(CN)cc1>,COc1ccc(CNC(=O)c2cnc(CNC(=O)OC(C)(C)C)c3c(OC)cc(OC)cc23)cc1
CC(=O)OC1CSC(Br)C(OC(C)=O)C1OC(C)=O.N#Cc1ccc(O)cc1>CCO.ClCCl.O=C([O-])c1ncc[nH]1.[Ag+].[Cl-].[Cl-].[Zn+2],CC(=O)OC1CSC(Oc2ccc(C#N)cc2)C(OC(C)=O)C1OC(C)=O
COC(=O)c1cc(N)ccc1Cl.O=N[O-].O=S=O>CC(=O)O.Cl.[Na+],COC(=O)c1cc(S(N)(=O)=O)ccc1Cl
COc1cnc(N2CCOCC2)c2sc(N)nc12.O=C(O)c1ccccc1>C1CCOC1.CN(C)C(On1nnc2cccnc21)=[N+](C)C.CN1CCOCC1.F[P-](F)(F)(F)(F)F,COc1cnc(N2CCOCC2)c2sc(NC(=O)c3ccccc3)nc12
BrCCCc1ccccc1.COC(=O)C=C(C)[O-]>CN1CCCN(C)C1=O.O.[I-].[K+].[Na+],COC(=O)C(CCCc1ccccc1)C(C)=O
CC(C)Br.COC(=O)c1ccc(O)cc1Cl>CN(C)C=O.O=C([O-])[O-].[K+].[K+],COC(=O)c1ccc(OC(C)C)cc1Cl
C[Sn](C)(C)c1ccncc1.O=c1c(Oc2ccc(Br)cc2)c(-n2ccnc2)cnn1-c1ccc(Cl)cc1>CCN(C(C)C)C(C)C.CN(C)C=O,O=c1c(Oc2ccc(-c3ccncc3)cc2)c(-n2ccnc2)cnn1-c1ccc(Cl)cc1
CS(=O)(=O)O.O=C(O)c1ccc2cc(Br)ccc2n1>CO.O.O=C([O-])O.[Na+],COC(=O)c1ccc2cc(Br)ccc2n1
C=CCOc1cc([N+](=O)[O-])ccc1OC>CS(C)=O.[Na+].[OH-],C=CCOc1cc([N+](=O)[O-])ccc1O
CC(C)c1nc2c(s1)Nc1ccccc1N=C2N.Fc1cccc(CCC2CNCCN2)c1>,CC(C)c1nc2c(s1)Nc1ccccc1N=C2N1CCNC(CCc2cccc(F)c2)C1
CCOC(=O)c1cc(Cl)ccc1I.OB(O)c1ccc2ncccc2c1>COCCOC.O.O=C([O-])[O-].[K+].[K+].c1ccc(P(c2ccccc2)(c2ccccc2)[Pd](P(c2ccccc2)(c2ccccc2)c2ccccc2)(P(c2ccccc2)(c2ccccc2)c2ccccc2)P(c2ccccc2)(c2ccccc2)c2ccccc2)cc1,CCOC(=O)c1cc(Cl)ccc1-c1ccc2ncccc2c1
CC(=O)c1nn(C)c(-c2ccc(Cl)c(Cl)c2)c1O.COC(=O)c1ccc(NC(=S)NN)cc1[N+](=O)[O-]>CN(C)C=O.Cl.O,COC(=O)c1ccc(NC(=S)NN=C(C)c2nn(C)c(-c3ccc(Cl)c(Cl)c3)c2O)cc1[N+](=O)[O-]
CC(N=[N+]=[N-])c1ccc(NC(=S)Nc2ccc(NC(=O)c3ccco3)cc2)cc1Cl>CCOC(C)=O.CO.Cl[Sn]Cl.O.O,CC(N)c1ccc(NC(=S)Nc2ccc(NC(=O)c3ccco3)cc2)cc1Cl
N#CC1(c2ccccc2)CC1COCc1ccccc1.O>C1CCOC1.CC(C)C[Al+]CC(C)C.Cc1ccccc1.[H-],O=CC1(c2ccccc2)CC1COCc1ccccc1
Cc1nc2c(N)cc(N3CCOCC3)cc2n1Cc1cccc(Cl)c1Cl.F>O=C([O-])[O-].O=N[O-].[Na+].[Na+].[Na+].c1ccncc1,Cc1nc2c(F)cc(N3CCOCC3)cc2n1Cc1cccc(Cl)c1Cl
CC(C)(C)OC(=O)CC(O)C(C)(C)C#N>CO.Cc1ccccc1.[Na+].[OH-],CC(C)(C#N)C(O)CC(=O)O
COc1ccc(C(C#Cc2ccccc2)CC(=O)COC(C)=O)cc1OC1CCCC1>CO.O.[Na+].[OH-],COc1ccc(C(C#Cc2ccccc2)CC(=O)CO)cc1OC1CCCC1
O=C=NC1CCCCC1.c1ccc(-n2nc3c(c2NC2CCCCC2)CCCC3)cc1>,O=C(NC1CCCCC1)N(c1c2c(nn1-c1ccccc1)CCCC2)C1CCCCC1
Cn1c(CN2CC(C3CCOCC3)C2)nc2c(N3CCOCC3)nc(Cl)nc21.Nc1ccccc1N>CN(C)C=O.O=C(C=Cc1ccccc1)C=Cc1ccccc1.O=C(C=Cc1ccccc1)C=Cc1ccccc1.O=C(C=Cc1ccccc1)C=Cc1ccccc1.O=C([O-])[O-].[Cs+].[Cs+].[Pd].[Pd],Cn1c(CN2CC(C3CCOCC3)C2)nc2c(N3CCOCC3)nc(Nc3ccccc3N)nc21
O=[N+]([O-])c1cc(N2CCNCC2)ccc1S(=O)(=O)c1ccccc1>C1CCOC1.CC(C)(C)OC(=O)OC(=O)OC(C)(C)C.CCOC(C)=O.Cl.O.[Na+].[OH-],Nc1cc(N2CCNCC2)ccc1S(=O)(=O)c1ccccc1
C#CC(=O)OCC.O=Cc1ccc(OCCCCc2ccccc2)c(NC(=O)c2ccccc2)c1[N+](=O)[O-]>C1CCOC1.CC(=O)O.CC(C)NC(C)C.[Li]CCCC,CCOC(=O)C#CC(O)c1ccc(OCCCCc2ccccc2)c(NC(=O)c2ccccc2)c1[N+](=O)[O-]
Nc1ccc(OCCN2CCOCC2)c2ccccc12.O=C(O)c1cc(F)cc(OC2CCCCC2)c1>CCN(C(C)C)C(C)C.CN(C)C(On1nnc2ccccc21)=[N+](C)C.CN(C)C=O.ClCCl.F[P-](F)(F)(F)(F)F,O=C(Nc1ccc(OCCN2CCOCC2)c2ccccc12)c1cc(F)cc(OC2CCCCC2)c1
CCNCC.CCOC(=O)c1c(CCl)nc2ccc(Cl)cc2c1-c1ccccc1>,CCOC(=O)c1c(CN(CC)CC)nc2ccc(Cl)cc2c1-c1ccccc1
CC=O.CCN(Cc1cccc(-c2ccnc(NCCc3ccc(O)c(Cl)c3)n2)c1)C1CCNCC1>,CCN1CCC(N(CC)Cc2cccc(-c3ccnc(NCCc4ccc(O)c(Cl)c4)n3)c2)CC1
CC(C)(C)OC(=O)N1CCN(CCCOc2ccc(C3CCNCC3)cc2)CC1.FC(F)(F)c1nnc2ccc(Cl)nn12>CCN(C(C)C)C(C)C.CN(C)C=O,CC(C)(C)OC(=O)N1CCN(CCCOc2ccc(C3CCN(c4ccc5nnc(C(F)(F)F)n5n4)CC3)cc2)CC1
Clc1cccs1.O=C(O)C=Cc1cccc(Br)c1>c1ccccc1,O=C(Cl)C=Cc1cccc(Br)c1
Cc1ccc(S(=O)(=O)N2C(CCCO)CCC2c2ccc(F)cc2)cc1.ClC(Cl)Cl>,COCCCC1CCC(c2ccc(F)cc2)N1S(=O)(=O)c1ccc(C)cc1
CC1(C)Oc2ccc(C#N)cc2C2OC21.COC1=CC(=O)NC1>CCCCCCCCOC1=CC(=O)NC1,COC1=CC(=O)N(C2c3cc(C#N)ccc3OC(C)(C)C2O)C1
N#CC1CCOc2cc(S(=O)(=O)c3ccccc3)ccc21>B.C1CCOC1.CN(C)C=O,NCC1CCOc2cc(S(=O)(=O)c3ccccc3)ccc21
CN.O=C(NCC1CCN(C(c2ccccc2)c2ccccc2)CC1)c1cc(F)ccc1[N+](=O)[O-]>CN(C)C=O.CO.O,CNc1ccc([N+](=O)[O-])c(C(=O)NCC2CCN(C(c3ccccc3)c3ccccc3)CC2)c1
CCN(C(C)C)C(C)C.O=C(O)c1nc2c(s1)CCOc1ccc(Br)cc1-2>C1CCOC1.CCOC(C)=O.CN(C)C(On1nnc2cccnc21)=[N+](C)C.F[P-](F)(F)(F)(F)F.O=C([O-])O.[Cl-].[NH4+].[Na+],NC(=O)c1nc2c(s1)CCOc1ccc(Br)cc1-2
COC(=O)C1CCOc2cc(Oc3ccc(C(=O)Nc4cccc(I)c4)cc3)c(C#N)cc21.Cc1cccc(B(O)O)c1C>Cc1ccccc1.O.O=C([O-])[O-].[Na+].[Na+].c1ccc(P(c2ccccc2)(c2ccccc2)[Pd](P(c2ccccc2)(c2ccccc2)c2ccccc2)(P(c2ccccc2)(c2ccccc2)c2ccccc2)P(c2ccccc2)(c2ccccc2)c2ccccc2)cc1,COC(=O)C1CCOc2cc(Oc3ccc(C(=O)Nc4cccc(-c5cccc(C)c5C)c4)cc3)c(C#N)cc21
Cc1ccc([N+](=O)[O-])cc1N1CCN(C(=O)OC(C)(C)C)CC1>CCO.O.[NH4+],Cc1ccc(N)cc1N1CCN(C(=O)OC(C)(C)C)CC1
CCN(CC=CCl)Cc1cccc(O)c1.CS(=O)(=O)OCc1cccc(-c2ccsc2)c1>C1CCOC1.CCOC(C)=O.CN(C)C=O.[H-].[Na+],CCN(CC=CCl)Cc1cccc(OCc2cccc(-c3ccsc3)c2)c1
COC(=O)c1ccc(OCCCBr)cc1NC(=O)c1ccc(OC(F)(F)F)cc1.ON=Cc1cc(C(F)(F)F)cc(C(F)(F)F)c1>CC(C)=O.O=C([O-])[O-].[Cs+].[Cs+],COC(=O)c1ccc(OCCCON=Cc2cc(C(F)(F)F)cc(C(F)(F)F)c2)cc1NC(=O)c1ccc(OC(F)(F)F)cc1
CCCCC1(CCCC)CS(=O)(=O)c2cc(OC)c(Br)cc2N(c2ccc(Cl)cc2)C1=O.C[S-]>CN(C)C=O.[Na+],CCCCC1(CCCC)CS(=O)(=O)c2cc(OC)c(SC)cc2N(c2ccc(Cl)cc2)C1=O
CCCCCCCCI.CCOC(=O)Cc1c(C)c2c(c(NC(=O)C(C)(C)C)c1C)NCC2>CCOC(C)=O.CN(C)C=O.O=C([O-])[O-].[K+].[K+],CCCCCCCCN1CCc2c(C)c(CC(=O)OCC)c(C)c(NC(=O)C(C)(C)C)c21
C[Si](C)(C)OC1CC(C(=O)O)N(C(=O)OCc2ccc([N+](=O)[O-])cc2)C1.OCCN1CCNCC1>CC#N,C[Si](C)(C)OC1CC(C(=O)N2CCN(CCO)CC2)N(C(=O)OCc2ccc([N+](=O)[O-])cc2)C1
CC1(C)Oc2ccc([N+](=O)[O-])cc2NC1=O>C1CCOC1.CO.Cl,CC1(C)CNc2cc([N+](=O)[O-])ccc2O1
CCOC(=O)C(=O)c1ccc(Cl)s1>CO.Cl.O.[Na+].[OH-],O=C(O)C(=O)c1ccc(Cl)s1
Cc1c(C#N)sc(C(N)=O)c1C.Cl>CO.[H][H],Cc1c(CN)sc(C(N)=O)c1C
Cc1ccccc1C(CCO)NC(=O)Cn1nc(-c2ccc(Cl)cc2)n(CC(O)C(F)(F)F)c1=O.NC(CC(F)(F)F)c1ccccc1>,O=C(Cn1nc(-c2ccc(Cl)cc2)n(CC(O)C(F)(F)F)c1=O)NC(CC(F)(F)F)c1ccccc1
C=CC#N.NCCC1COc2ccccc2C1>CCN(CC)CC.CO,N#CCCNCCC1COc2ccccc2C1
CC(C)CCN(CCl)C(=O)C(Cl)Cl.CCOCCO>CCN(CC)CC.O.c1ccccc1,CCOCCOCN(CCC(C)C)C(=O)C(Cl)Cl
COCC(=O)Cl.COc1ccc(N2CCOCC2)c2sc(N)nc12>,COCC(=O)Nc1nc2c(OC)ccc(N3CCOCC3)c2s1
CC(=O)O.O=C(O)c1cn(CCO)c2cc(N3CCNCC3)c(F)cc2c1=O>CCN(CC)CC.CN(C)C=O.Cl,CC(=O)N1CCN(c2cc3c(cc2F)c(=O)c(C(=O)O)cn3CCO)CC1
COC(=O)C(N)CO.O=C(Cl)N1CCCCC1>CC(C)(C)[Si](C)(C)Cl.CCN(CC)CC.Cl.ClC(Cl)Cl.ClCCl.c1c[nH]cn1,COC(=O)C(CO)NC(=O)N1CCCCC1
C=Cc1ccc2c(c1)OCO2>CO,CCc1ccc2c(c1)OCO2
Cc1ccc(N=C=O)cc1C.NC(=O)c1[nH]c2ncccc2c1-c1ccc(N)cc1>,Cc1ccc(NC(=O)Nc2ccc(-c3c(C(N)=O)[nH]c4ncccc34)cc2)cc1C
CCC(C)(C)c1nc2cc(S(=O)(=O)Cl)ccc2n1CC1CCOCC1.O=Cc1cn[nH]c1>CC#N.CN(C)c1ccncc1,CCC(C)(C)c1nc2cc(S(=O)(=O)n3cc(C=O)cn3)ccc2n1CC1CCOCC1
C1CCNC1.CC(C)n1cc(-c2ccnc3c2cc(-c2ccc(C=O)cc2)n3S(=O)(=O)c2ccccc2)c(-c2ccc([N+](=O)[O-])cc2)n1>,CC(C)n1cc(-c2ccnc3c2cc(-c2ccc(CN4CCCC4)cc2)n3S(=O)(=O)c2ccccc2)c(-c2ccc([N+](=O)[O-])cc2)n1
COc1ccc(CCCO)cc1C.O=C1CCC(=O)N1Br>ClCCl.c1ccc(P(c2ccccc2)c2ccccc2)cc1,COc1ccc(CCCBr)cc1C
O=C(O)c1ccc(N2CCCC2)cc1Cl.O=S(Cl)Cl>CN1CCCC1=O,O=C(Cl)c1ccc(N2CCCC2)cc1Cl
CC(C)(C)OC(=O)NN.O=C1OC(=O)c2ccccc21>Cc1ccccc1.O,CC(C)(C)OC(=O)NN1C(=O)c2ccccc2C1=O
Cc1cc(C#N)ccc1[N+](=O)[O-]>CC(=O)O.Cl.Cl[Sn]Cl.[NH4+].[OH-],Cc1cc(C#N)ccc1N
CS(=O)(=O)Cl.OCCCCc1cccc2nccn12>CCN(CC)CC.Cl.ClCCl.O=C([O-])O.[Na+],CS(=O)(=O)OCCCCc1cccc2nccn12
CCCC(O)c1ccc(C(=O)OC)c(O)c1>ClCCl.O=[Cr](=O)([O-])O[Cr](=O)(=O)[O-].c1cc[nH+]cc1.c1cc[nH+]cc1,CCCC(=O)c1ccc(C(=O)OC)c(O)c1
CC1CCN(c2nc(Cl)ccc2[N+](=O)[O-])CC1.O=C(OCc1ccccc1)N1CCNCC1>CN(C)C=O.O=C([O-])[O-].[Na+].[Na+],CC1CCN(c2nc(N3CCN(C(=O)OCc4ccccc4)CC3)ccc2[N+](=O)[O-])CC1
CCOC(=O)C1CN(C(=O)c2cc(OC)c(OC)c(OC)c2)CCN1C(=O)C1=Cc2cc(OC)c(OC)cc2CCC1>CO.O.O=C([O-])[O-].[K+].[K+],COc1cc2c(cc1OC)CCCC(C(=O)N1CCN(C(=O)c3cc(OC)c(OC)c(OC)c3)CC1C(=O)O)=C2
CCOC(=O)Oc1ccc(C=CC(=O)NCC=C(C)CCC=C(C)C)cc1OC>CO.Cl.[Na+].[OH-],COc1cc(C=CC(=O)NCC=C(C)CCC=C(C)C)ccc1O
Cc1nsc(NC(=O)c2cc(Oc3ccc(C(=O)N4CCC4)cc3F)cc(OC(C)CO[Si](C)(C)C(C)(C)C)c2)n1>CO.Cl.O=C([O-])O.[Na+],Cc1nsc(NC(=O)c2cc(Oc3ccc(C(=O)N4CCC4)cc3F)cc(OC(C)CO)c2)n1
CCOC(=O)C1=C(C)c2ccccc2CCC1>CCO.[Na+].[OH-],CC1=C(C(=O)O)CCCc2ccccc21
CCOC(=O)c1cn(CC)c(=O)cc1Nc1ccc(I)cc1F>CCO.[Na+].[OH-],CCn1cc(C(=O)O)c(Nc2ccc(I)cc2F)cc1=O
C=CCCCCCBr.O=C(OO)c1cccc(Cl)c1>CCOCC.ClC(Cl)Cl.O=S([O-])([O-])=S.[Na+].[Na+],BrCCCCCC1CO1
CC(C)(C)OC(=O)NNC(=O)C(CC(O)CCl)c1cc(F)c(F)c(F)c1.CC(C)(C)[Si](Cl)(c1ccccc1)c1ccccc1>CCOC(C)=O.CN(C)C=O.CN(C)c1ccncc1.[Cl-].[NH4+].c1c[nH]cn1,CC(C)(C)OC(=O)NNC(=O)C(CC(CCl)O[Si](c1ccccc1)(c1ccccc1)C(C)(C)C)c1cc(F)c(F)c(F)c1
Cc1cccc(C(=O)Cl)c1.Nc1ccc(F)c([N+](=O)[O-])c1>O=C(Cl)c1cccs1,Cc1cccc(C(=O)Nc2ccc(F)c([N+](=O)[O-])c2)c1
Brc1ccnnc1.CC1(C)OB(c2cccc3c2CC(N(Cc2ccccc2)Cc2ccccc2)CO3)OC1(C)C>,c1ccc(CN(Cc2ccccc2)C2COc3cccc(-c4ccnnc4)c3C2)cc1
CC(C)=CCCC(C)=CCCC(C)=CCCC(C)=CCCC(C)=CCCC(C)=CCCC(C)=CCBr.NCc1ccc2c(c1)OCO2>C1CCOC1.O,CC(C)=CCCC(C)=CCCC(C)=CCCC(C)=CCCC(C)=CCCC(C)=CCCC(C)=CCNCc1ccc2c(c1)OCO2
C=Cc1cccc(Cl)c1.CC(=O)O>C1COCCO1.O.O=C1CCC(=O)N1Br.[Na+].[OH-],Clc1cccc(C2CO2)c1
Nc1ccc(N2CCOCC2)nc1.O=C(O)c1nc(-c2ccccc2Cl)oc1C(F)(F)F>,O=C(Nc1ccc(N2CCOCC2)nc1)c1nc(-c2ccccc2Cl)oc1C(F)(F)F
CC(C)(C)OC(=O)N1CCN(c2noc(CCl)n2)CC1.COc1cc2c(Nc3ccc(Cl)c(Cl)c3)ncnc2cc1O>CN(C)C=O.O=C([O-])[O-].[K+].[K+],COc1cc2c(Nc3ccc(Cl)c(Cl)c3)ncnc2cc1OCc1nc(N2CCN(C(=O)OC(C)(C)C)CC2)no1
CC(C)(C)[Si](C)(C)OC1CCC(n2cc(I)cn2)CC1.O=S(=O)(c1ccccc1)N(F)S(=O)(=O)c1ccccc1>C1CCCCC1.C1CCOC1.CC(C)[N-]C(C)C.[Cl-].[Li+].[NH4+],CC(C)(C)[Si](C)(C)OC1CCC(n2ncc(I)c2F)CC1
COc1ccccc(Br)c1=O.N>CO,Nc1ccccc(Br)c1=O
COCCN(C(C)=O)C1=C(Cl)C(=O)c2ccccc2C1=O.NCc1ccccc1>CCOC(C)=O.c1ccccc1,COCCN(C(C)=O)C1=C(NCc2ccccc2)C(=O)c2ccccc2C1=O
CCc1ccc(N)c(Cl)c1.O=N[O-]>CC(=O)O.Cl.N.O=S(=O)(O)O.[Cl-].[Na+],CCc1ccc(NN)c(Cl)c1
CCN(CC)S(F)(F)F.OCCC#Cc1cccc(Br)c1>ClCCl.O=C([O-])O.[Na+],FCCC#Cc1cccc(Br)c1
COc1cccc(C(=O)O)c1[N+](=O)[O-].Nc1ccc(Cl)cn1>CN(C)C=O.ClCCl.O.O=C(Cl)C(=O)Cl.c1ccncc1,COc1cccc(C(=O)Nc2ccc(Cl)cn2)c1[N+](=O)[O-]
O=c1c(Br)c(Br)cnn1-c1ccc(Cl)c(Cl)c1.OCc1ccc(Cl)cc1F>CN(C)C=O.[K+].[OH-],O=c1c(Br)c(OCc2ccc(Cl)cc2F)cnn1-c1ccc(Cl)c(Cl)c1
CC(C)C(NCC(C)(C)N)c1nc2cc(Cl)ccc2c(=O)n1Cc1ccccc1.Cc1ccc(C(=O)Cl)cc1F>CCN(CC)CC.ClCCl,Cc1ccc(C(=O)NC(C)(C)CNC(c2nc3cc(Cl)ccc3c(=O)n2Cc2ccccc2)C(C)C)cc1F
COC(=O)C1CCOc2cc(Oc3ccc(C(=O)Nc4cccc(-c5ccc(C)c(C)c5)c4)cc3)c(C#N)cc21>C1CCOC1.C1COCCO1.Cl,Cc1ccc(-c2cccc(NC(=O)c3ccc(Oc4cc5c(cc4C#N)C(C(=O)O)CCO5)cc3)c2)cc1C
CS(=O)(=O)N1CCc2c(c(-c3ccc(C(F)(F)F)cc3)nn2CC2CO2)C1.Clc1ccc2ccn(C3CCNCC3)c2c1>CCO,CS(=O)(=O)N1CCc2c(c(-c3ccc(C(F)(F)F)cc3)nn2CC(O)CN2CCC(n3ccc4ccc(Cl)cc43)CC2)C1
COC(=O)C=Cc1ccc2c(c1)C(=O)CC1(CCN(C(=O)OC(C)(C)C)CC1)O2.CS(=O)(=O)Cl>ClCCl,COC(=O)C=Cc1ccc2c(c1)C(=O)CC1(CCN(S(C)(=O)=O)CC1)O2
CC(=O)OC(C)=O.O=C(O)c1ccc(-c2nc3c(O)cccc3s2)cc1>C1CCCCC1.c1ccncc1,CC(=O)Oc1cccc2sc(-c3ccc(C(=O)O)cc3)nc12
[Li]c1ccccc1.c1ccccc1>Br[Mg]c1ccccc1.C1CCOC1.CCOC(=O)NC(C)C(=O)O,c1ccc(-c2ccccc2)cc1
COC(=O)C1CC(O)CN1.O=C(O)c1cc2nccc(Cl)c2s1>CCN(C(C)C)C(C)C.CCOC(C)=O.CN(C)C=O.Cl.[Li],COC(=O)C1CC(O)CN1C(=O)c1cc2nccc(Cl)c2s1
Cc1cccc(C#N)c1CNc1cccn2c(C)c(C)nc12>N.[H][H],Cc1cccc(CN)c1CNc1cccn2c(C)c(C)nc12
CCOC(=O)CBr.NC1C(=O)Nc2ccccc2SC1c1cccs1>Br.CN(C)C=O.[H-].[Na+],CCOC(=O)CN1C(=O)C(N)C(c2cccs2)Sc2ccccc21
Br.Cc1cnc(N)c([N+](=O)[O-])c1>Br.O.O=N[O-].[Na+].[Na+].[OH-],Cc1cnc(Br)c([N+](=O)[O-])c1
COc1ccc(C(O)Cc2c(Cl)cncc2Cl)c2c1OCCO2>CC(C)=O,COc1ccc(C(=O)Cc2c(Cl)cncc2Cl)c2c1OCCO2
CC(=O)OC=O.CC(C)(C)OC(=O)N1CCN(c2ncc(-c3cccs3)nc2CN)CC1>ClCCl,CC(C)(C)OC(=O)N1CCN(c2ncc(-c3cccs3)nc2CNC=O)CC1
COC(=O)c1cc(O)c(O)c(OC)c1.O=C([O-])[O-]>CC(C)=O.[K+].[K+],COC(=O)c1cc(OC)c2c(c1)OCO2
BrCC1CC1.CC(=O)OC1CC2CCC3C(CCC4(C)C3CC(N3CCCC3)C4OC(C)=O)C2(C)CC1N1CCOCC1>CC#N,CC(=O)OC1CC2CCC3C(CCC4(C)C3CC([N+]3(CC5CC5)CCCC3)C4OC(C)=O)C2(C)CC1N1CCOCC1.[Br-]
CCC(C=O)NC(c1ccccc1)(c1ccccc1)c1ccccc1.[Li]C(C)(C)C>CCOCC.[Cl-].[NH4+],CCC(NC(c1ccccc1)(c1ccccc1)c1ccccc1)C(O)C(C)(C)C
COC(=O)N1CCC(c2cc(=O)[nH]o2)CC1CCc1ccc(F)cc1>Br,O=c1cc(C2CCNC(CCc3ccc(F)cc3)C2)o[nH]1
CCNCc1cc(C(F)(F)F)ccc1-c1cc(CC(=O)OCC)ccc1OC.O=C(Cl)C1(c2ccc(Cl)cc2Cl)CC1>CCN(CC)CC.ClCCl.O,CCOC(=O)Cc1ccc(OC)c(-c2ccc(C(F)(F)F)cc2CN(CC)C(=O)C2(c3ccc(Cl)cc3Cl)CC2)c1
CNC.O=C(Cl)c1cncc(Br)c1>C1CCOC1.c1ccncc1,CN(C)C(=O)c1cncc(Br)c1
CCCN(CC(O)COC(Cc1ccccc1)C(=O)c1ccccc1)C(=O)OC(C)(C)C.COS(=O)(=O)OC>CN(C)C=O.Cl.[H-].[Na+],CCCN(CC(COC(Cc1ccccc1)C(=O)c1ccccc1)OC)C(=O)OC(C)(C)C
Cc1nc(-c2ccc(N)cc2)cs1.O=C(O)C1(c2ccc3c(c2)OCO3)CC1>CC#N.CCN(CC)CC.CN(C)C(On1nnc2cccnc21)=[N+](C)C.F[P-](F)(F)(F)(F)F,Cc1nc(-c2ccc(NC(=O)C3(c4ccc5c(c4)OCO5)CC3)cc2)cs1
N#C[Cu]C#N.Oc1ccc(Cl)cc1I>CN(C)C=O,N#Cc1cc(Cl)ccc1O
Brc1cn2ccnc2c(Br)n1.Nc1ccc2ncsc2c1>CC#N.O=C([O-])[O-].[K+].[K+],Brc1cn2ccnc2c(Nc2ccc3ncsc3c2)n1
CCOC(=O)C(Cl)C(C)=O.Nc1ccc(Cl)cc1.O=N[O-]>CC(=O)[O-].CCO.Cl.O.[Na+].[Na+],CCOC(=O)C(Cl)=NNc1ccc(Cl)cc1
CCOC(=O)CCCC1=CCCC1=O.CON>Cl,CCOC(=O)CCCC1=CCCC1=NOC
CCN(CC)C(=O)c1ccc(C(O)c2cccc(O[Si](C)(C)C(C)(C)C)c2)cc1.O=S(Cl)Cl>ClCCl,CCN(CC)C(=O)c1ccc(C(Cl)c2cccc(O[Si](C)(C)C(C)(C)C)c2)cc1
CNCCc1cc(OC)c(OC)c(OC)c1.O=C(O)C=Cc1cccnc1>CCN(CC)CC.CN(C)C=O.O=C([O-])O.[Na+],COc1cc(CCN(C)C(=O)C=Cc2cccnc2)cc(OC)c1OC
COc1cc([N+](=O)[O-])c([Sn](C)(C)C)cc1OC>C1CCOC1.c1ccc(P(c2ccccc2)(c2ccccc2)[Pd](P(c2ccccc2)(c2ccccc2)c2ccccc2)(P(c2ccccc2)(c2ccccc2)c2ccccc2)P(c2ccccc2)(c2ccccc2)c2ccccc2)cc1,C[Sn](C)(C)c1cc2c(cc1[N+](=O)[O-])OCO2
CC1(C)Cc2ccc(C#N)cc2C1NC(=O)c1cc2cc(Cl)ccc2[nH]1.CN(C)CCCl>CCOCC.CN(C)C=O.Cl.ClCCl.[H-].[Na+],CN(C)CCn1c(C(=O)NC2c3cc(C#N)ccc3CC2(C)C)cc2cc(Cl)ccc21
COc1ccc(CCO)cc1.O=C1C=CC(=O)N1>CCOC(=O)N=NC(=O)OCC.c1ccc(P(c2ccccc2)c2ccccc2)cc1,COc1ccc(CCN2C(=O)C=CC2=O)cc1
CCCCCCCCCCCCNCCCN.O=C1CCCCC1>,CCCCCCCCCCCCNCCCNC1CCCCC1
CCCCO.O=[PH](O)C(O)CCl>O.c1ccccc1,CCCCO[PH](=O)C(O)CCl
CC1CN(C(=O)OC(C)(C)C)CC(C)N1.O=Cc1cccc(-c2ccnc(Cl)n2)c1>,CC1CN(C(=O)OC(C)(C)C)CC(C)N1Cc1cccc(-c2ccnc(Cl)n2)c1
CC1(C)OB(c2ccc(N)nc2)OC1(C)C.FC(F)(F)c1cc(-c2ccc(Cl)c(Cl)c2)nc(-c2ccnc(Cl)c2)n1>,Nc1ccc(-c2cc(-c3nc(-c4ccc(Cl)c(Cl)c4)cc(C(F)(F)F)n3)ccn2)cn1
COc1cccc(Sc2cc(Oc3cccc(Br)c3)cnc2Nc2nc(C3CCCO3)ns2)c1.[Cl-]>C1CCOC1.[Li]C.[Li]CCCC.[NH4+],COc1cccc(Sc2cc(Oc3ccccc3)cnc2Nc2nc(C3CCCO3)ns2)c1.Cl
CCCC[Sn](Cl)(CCCC)CCCC.COC(=O)C=Cc1ncn2ccsc12>C1CCOC1.O,CCCC[Sn](CCCC)(CCCC)c1cn2cnc(C=CC(=O)OC)c2s1
COCCOCOc1ccc(C=CC(=O)NCCN2CCC(OC(c3ccccc3)c3ccccc3)CC2)cc1OC>CO.Cc1ccc(S(=O)(=O)O)cc1.O.O.O=C([O-])[O-].[Na+].[Na+],COc1cc(C=CC(=O)NCCN2CCC(OC(c3ccccc3)c3ccccc3)CC2)ccc1O
CNC(=O)NS(=O)(=O)c1ccccc1OCCCl>Clc1ccccc1,O=C=NS(=O)(=O)c1ccccc1OCCCl
CC(=O)c1ccc2c(c1)ncn2-c1cccc(-c2ncc(Cl)s2)c1>CO.O.[BH4-].[Na+],CC(O)c1ccc2c(c1)ncn2-c1cccc(-c2ncc(Cl)s2)c1
CC1(C)OB(c2ccc(N)nc2)OC1(C)C.Cc1cc(-c2ccc(Cl)cc2)cc(-n2cnc(I)c2)n1>,Cc1cc(-c2ccc(Cl)cc2)cc(-n2cnc(-c3ccc(N)nc3)c2)n1
Cl.Nc1nc2cc(F)cc(F)c2s1>CC#N.CC(C)CCON=O.Cl[Cu]Cl,Fc1cc(F)c2sc(Cl)nc2c1
COc1cc(N)c(Cl)cc1C(=O)NCCCN1CCC(CNC(=O)OC(C)(C)C)C1.COc1cc(N)c(Cl)cc1C(=O)O>,COc1cc(N)c(Cl)cc1C(=O)NCCCN1CCC(CNC(=O)c2cc(Cl)c(N)cc2OC)C1
COC(=O)C(C(=O)OC)c1cc(OC)ccc1[N+](=O)[O-]>CO,COC(=O)C1C(=O)Nc2ccc(OC)cc21
C1CCCCC1.CC(C)c1ccc(-c2csc(N)n2)cc1.O=C(Cl)Cl>ClCCl.c1ccncc1,CC(C)c1ccc(-c2csc(NC(=O)C3CCCCC3)n2)cc1
CCc1nc2cc3c(cc2[n+]([O-])n1)CCN(C)C3.O=C(OC(=O)C(F)(F)F)C(F)(F)F>ClCCl.N.O=C(O)C(F)(F)F.OO,CCc1n[n+]([O-])c2cc3c(cc2[n+]1[O-])CN(C)CC3
Nc1ccc(O)cc1.O=C(O)CCCCCCCCCCBr>C1COCCO1.O=S(Cl)Cl,O=C(CCCCCCCCCCBr)Nc1ccc(O)cc1
CCOC(=O)C(=Cc1cc(C)c(OCCc2nc(-c3ccccc3)oc2C)c(C)c1)OCC>CCOC(=O)C(OCC)[P+](c1ccccc1)(c1ccccc1)c1ccccc1.Cc1cc(C=O)cc(C)c1OCCc1nc(-c2ccccc2)oc1C.[Cl-],CCOC(=Cc1cc(C)c(OCCc2nc(-c3ccccc3)oc2C)c(C)c1)C(=O)O
OC(c1ccc(OC2CCCCO2)cc1)c1ncco1>ClCCl.O=[Cr](=O)([O-])Cl.c1cc[nH+]cc1,O=C(c1ccc(OC2CCCCO2)cc1)c1ncco1
CCNCC.CN1Cc2c(-c3ncc(CI)o3)ncn2-c2ccc(F)cc2C1=O>,CCN(CC)Cc1cnc(-c2ncn3c2CN(C)C(=O)c2cc(F)ccc2-3)o1
Cc1cc2c(c(=O)o1)C(=O)CC(C(C)C)O2>CO.COC(C)(C)C.Cl.[K+].[OH-],Cc1cc(O)c(C(=O)C=CC(C)C)c(=O)o1
CC(C)(C)OC(=O)Nc1cccc(-c2ccc(C=C3C(=O)Nc4ccccc43)o2)c1>C1COCCO1.Cl,Nc1cccc(-c2ccc(C=C3C(=O)Nc4ccccc43)o2)c1
CC(C)(C)OC(=O)N1CCC(COC(CF)c2cc(Cl)cc3cn(COCC[Si](C)(C)C)nc23)(c2ccc(F)cc2)CC1>CCCC[N+](CCCC)(CCCC)CCCC.CCOCC.[F-],CC(C)(C)OC(=O)N1CCC(COC(CF)c2cc(Cl)cc3cn[nH]c23)(c2ccc(F)cc2)CC1
COC(=O)c1ccc2cc(-c3ccc(O)cc3)ccc2n1.OCc1c(-c2c(Cl)cccc2Cl)noc1C1CC1>CC(C)OC(=O)N=NC(=O)OC(C)C.ClCCl.c1ccc(P(c2ccccc2)c2ccccc2)cc1,COC(=O)c1ccc2cc(-c3ccc(OCc4c(-c5c(Cl)cccc5Cl)noc4C4CC4)cc3)ccc2n1
CCOC(=O)C=C(C)NC1CCCC1.O=C(Cl)c1cc(F)c(F)cc1F>C1COCCO1.CCN(CC)CC,CCOC(=O)C(C(=O)c1cc(F)c(F)cc1F)=C(C)NC1CCCC1
CC(=O)O[BH-](OC(C)=O)OC(C)=O.Oc1ccc(CCNc2ccccc2CC2CCc3cc(O)ccc3C2)cc1>C1CCOC1.CC(=O)O.CC=O.O=C([O-])O.[Na+].[Na+],CCN(CCc1ccc(O)cc1)c1ccccc1CC1CCc2cc(O)ccc2C1
CON(C)C(=O)C(CC(=O)OC(C)(C)C)NS(=O)(=O)c1ccccc1OCCc1c(O[Si](C(C)C)(C(C)C)C(C)C)ccc2ccccc12>C1CCOC1.CCCC[N+](CCCC)(CCCC)CCCC.[Cl-].[F-].[NH4+],CON(C)C(=O)C(CC(=O)OC(C)(C)C)NS(=O)(=O)c1ccccc1OCCc1c(O)ccc2ccccc12
CC(OC(=O)C(c1ccccc1F)N1CCCCC1)c1ccccc1>CCO,O=C(O)C(c1ccccc1F)N1CCCCC1
CCOC(OCC)c1cc(C(F)(F)F)c(C(=O)OC)s1>C1COCCO1.O=CO,COC(=O)c1sc(C=O)cc1C(F)(F)F
CC.CC(C)(C)OC(=O)N1CC(=CC#N)C1.O=S(=O)(Cl)Cl>CC#N.Cl,CCS(=O)(=O)N1CC(=CC#N)C1
FC(F)Oc1ccccc1CBr.O=C(O)C(CC(=O)N1CCOCC1)CS(=O)(=O)Cc1ccccc1>CCO.O.[Na+].[OH-],O=C(O)C(CC(=O)N1CCOCC1)CS(=O)(=O)Cc1ccccc1OC(F)F
CC(C)(C)OC(=O)NC1(C(N)=O)CCOCC1>CCN(CC)CC.ClCCl.O=C(OC(=O)C(F)(F)F)C(F)(F)F,CC(C)(C)OC(=O)NC1(C#N)CCOCC1
CCn1nc(NCc2ccc(F)cc2)cc1C=O.CO.c1cnc2[nH]ccc2c1>O.[K+].[OH-],CCn1nc(NCc2ccc(F)cc2)cc1C(OC)c1c[nH]c2ncccc12
CC(C)=CCCC(C)=CCBr.COC(=O)c1ccc(O)cc1>CC(C)=O.O.O=C([O-])[O-].[K+].[K+],COC(=O)c1ccc(OCC=C(C)CCC=C(C)C)cc1
NC1CCCc2ccccc21.O=Cc1ccc(Br)cc1>,Brc1ccc(CNC2CCCc3ccccc32)cc1
CC(C)(C)OC(=O)C=Cc1c(N2CCCC(OC=O)C2)nc2cc(CCc3nc(C4CCC4)cs3)ccn2c1=O>CO.C[O-].ClC(Cl)Cl.[Na+],CC(C)(C)OC(=O)C=Cc1c(N2CCCC(O)C2)nc2cc(CCc3nc(C4CCC4)cs3)ccn2c1=O
Cc1c(C(=O)c2ccc(Cl)cc2Cl)oc2cc(Br)ccc12.O=C1CCC(=O)N1Br>CC(C)(C#N)N=NC(C)(C)C#N.ClC(Cl)(Cl)Cl,O=C(c1ccc(Cl)cc1Cl)c1oc2cc(Br)ccc2c1CBr
OC(CCl)CNc1ccc(Cl)cc1.c1c[nH]cn1>,OC(CNc1ccc(Cl)cc1)Cn1ccnc1
CC(C)(C)OC(=O)NC(CCCCNC(=O)OCc1ccccc1)C(=O)O.CCOC(=O)C(C)N>C1CCOC1.CC(C)COC(=O)Cl.CCN1CCOCC1.Cl,CCOC(=O)C(C)NC(=O)C(CCCCNC(=O)OCc1ccccc1)NC(=O)OC(C)(C)C
C#CCCCCCCCl.CCCCCC(C)=CCC#CCBr>C1CCOC1.C[Mg+].[Br-].[Cl-].[Cl-].[NH4+],CCCCCC(C)=CCC#CCC#CCCCCCCCl
Cc1c(C(=O)C(F)(F)C(F)(F)C(F)(F)F)c(-c2ccccc2)c2n1CCC2>CC(Cl)Cl.[I-].[I-].[Zn+2],Cc1c(CC(F)(F)C(F)(F)C(F)(F)F)c(-c2ccccc2)c2n1CCC2
CC(C)(C)OC(=O)NCCCBr.CCOC(=O)CC1OB(O)c2cc(Oc3cnccn3)cc(O)c21>CN(C)C=O.O=C([O-])[O-].[K+].[K+],CCOC(=O)CC1OB(O)c2cc(Oc3cnccn3)cc(OCCCNC(=O)OC(C)(C)C)c21
CCN(CC)CCOC.CI>C1CCOC1,CC[N+](C)(CC)CCOC.[I-]
COC(=O)C=CC(=O)[O-].O=C(O)C=CC(=O)O>CO,COC(=O)C=CC(=O)OC
Cc1nc(N2CCN(Cc3ccc(C(F)F)o3)C2=O)sc1C(=O)O.NCc1cccnc1>Cc1nc(N2CCN(Cc3ccccc3)C2=O)sc1C(=O)O,Cc1nc(N2CCN(Cc3ccc(C(F)F)o3)C2=O)sc1C(=O)NCc1cccnc1
CCOC(=O)CC(NC(=O)C(CC)c1ccccc1)c1cccc(NS(=O)(=O)c2cccc([N+](=O)[O-])c2)c1>Cl[Sn]Cl,CCOC(=O)CC(NC(=O)C(CC)c1ccccc1)c1cccc(NS(=O)(=O)c2cccc(N)c2)c1
CC(C)(C)OC(=O)NC1CCNC1.CCn1cc(C(=O)O)c(=O)c2cc(F)c(F)c(C)c21>C1CCC2=NCCCN2CC1.CC#N,CCn1cc(C(=O)O)c(=O)c2cc(F)c(N3CCC(NC(=O)OC(C)(C)C)C3)c(C)c21
COC(=O)Cc1cccc(O)c1.Cc1oc(-c2ccccc2)nc1CCc1noc(CCl)n1>CN(C)C=O.O.[H-].[Na+],COC(=O)Cc1cccc(OCc2nc(CCc3nc(-c4ccccc4)oc3C)no2)c1
COC(=O)Cc1ccc(OC)c(-c2ccc(C(F)(F)F)cc2C=O)c1.NCc1ccccc1>,COC(=O)Cc1ccc(OC)c(-c2ccc(C(F)(F)F)cc2CNCc2ccccc2)c1
CCI.COc1ccc(O)c(C(N)=O)c1>CCO.[Na],CCOc1ccc(OC)cc1C(N)=O
CC(C)(C)c1ccc([N+](=O)[O-])cc1O.O=C([O-])[O-]>CI.CN(C)C=O.O.[K+].[K+],COc1cc([N+](=O)[O-])ccc1C(C)(C)C
O=Cc1cc(F)c(O)cc1F.[Br-]>ClCCl.[Br-].[Br-].c1cc[nH+]cc1.c1cc[nH+]cc1.c1cc[nH+]cc1,O=Cc1cc(F)c(O)c(Br)c1F
CCCCc1nc(C(OC)OC)nn1Cc1ccc(-c2ccccc2-c2nnn[nH]2)cc1>CCO.Cl,CCCCc1nc(C=O)nn1Cc1ccc(-c2ccccc2-c2nnn[nH]2)cc1
CCc1ccc(B(O)O)cc1.COc1cc(-n2cnc(Cl)cc2=O)ccc1OCC(C)(C)O>CN(C)C=O.ClCCl,CCc1ccc(-c2cc(=O)n(-c3ccc(OCC(C)(C)O)c(OC)c3)cn2)cc1
BrCC1CO1.COc1cc2c(Oc3cc(C)c(C)nc3-c3ccc(C)cn3)ccnc2cc1O>CN(C)C=O.O=C([O-])[O-].[K+].[K+],COc1cc2c(Oc3cc(C)c(C)nc3-c3ccc(C)cn3)ccnc2cc1OCC1CO1
CC1CCCCN1c1ccc(Br)cc1CO.CCN(C(C)C)C(C)C>CCOCC.CO.CS(=O)(=O)Cl.ClCCl,COCc1cc(Br)ccc1N1CCCCC1C
CC1(C)Cc2cc(C(=O)O)ccc2NC1c1cccc(Br)c1.O=C1CNC(=O)CN1>CN(C)CC(=O)O.CS(C)=O.Cl.O=C([O-])[O-].[Cu]I.[K+].[K+],CC1(C)Cc2cc(C(=O)O)ccc2NC1c1cccc(N2CC(=O)NCC2=O)c1
CCCCCCCCN(C)CCCCCCCC.OCCCl>CCC(C)=O,CCCCCCCC[N+](C)(CCO)CCCCCCCC.[Cl-]
